[
  {
    "county_name": "Amherst (1)",
    "county_url": "https://locations.tacobell.com/nh/amherst",
    "stores": [
      {
        "store_page_url": "https://locations.tacobell.com/nh/amherst/125-route-101a.html",
        "store_number": "J089022",
        "store_location": "https://www.google.com/maps/dir/?api=1&destination=42.80626199209361,-71.56726956367498"
      }
    ]
  },
  {
    "county_name": "Concord (1)",
    "county_url": "https://locations.tacobell.com/nh/concord",
    "stores": [
      {
        "store_page_url": "https://locations.tacobell.com/nh/concord/321-loudon-rd.html",
        "store_number": "029272",
        "store_location": "https://www.google.com/maps/dir/?api=1&destination=43.22885232695664,-71.48330126704423"
      }
    ]
  },
  {
    "county_name": "Epping (1)",
    "county_url": "https://locations.tacobell.com/nh/epping",
    "stores": [
      {
        "store_page_url": "https://locations.tacobell.com/nh/epping/109-calef-hwy.html",
        "store_number": "031774",
        "store_location": "https://www.google.com/maps/dir/?api=1&destination=43.032913,-71.071833"
      }
    ]
  },
  {
    "county_name": "Hooksett (1)",
    "county_url": "https://locations.tacobell.com/nh/hooksett",
    "stores": [
      {
        "store_page_url": "https://locations.tacobell.com/nh/hooksett/4-chambers-drive.html",
        "store_number": "J089024",
        "store_location": "https://www.google.com/maps/dir/?api=1&destination=43.05614480562065,-71.44008146366221"
      }
    ]
  },
  {
    "county_name": "Keene (1)",
    "county_url": "https://locations.tacobell.com/nh/keene",
    "stores": [
      {
        "store_page_url": "https://locations.tacobell.com/nh/keene/85-key-rd.html",
        "store_number": "J089026",
        "store_location": "https://www.google.com/maps/dir/?api=1&destination=42.924105962939194,-72.2941023956693"
      }
    ]
  },
  {
    "county_name": "Laconia (1)",
    "county_url": "https://locations.tacobell.com/nh/laconia",
    "stores": [
      {
        "store_page_url": "https://locations.tacobell.com/nh/laconia/1315-union-avenue.html",
        "store_number": "030951",
        "store_location": "https://www.google.com/maps/dir/?api=1&destination=43.56157669209464,-71.45151478174002"
      }
    ]
  },
  {
    "county_name": "Londonderry (1)",
    "county_url": "https://locations.tacobell.com/nh/londonderry",
    "stores": [
      {
        "store_page_url": "https://locations.tacobell.com/nh/londonderry/68-nashua-road.html",
        "store_number": "J089023",
        "store_location": "https://www.google.com/maps/dir/?api=1&destination=42.86098988042562,-71.35333098278548"
      }
    ]
  },
  {
    "county_name": "Manchester (3)",
    "county_url": "https://locations.tacobell.com/nh/manchester",
    "stores": [
      {
        "store_page_url": "https://locations.tacobell.com/nh/manchester/1050-second-st-.html",
        "store_number": "029276",
        "store_location": "https://www.google.com/maps/dir/?api=1&destination=42.96630755724702,-71.48056447505957"
      },
      {
        "store_page_url": "https://locations.tacobell.com/nh/manchester/1045-s-willow-street.html",
        "store_number": "029271",
        "store_location": "https://www.google.com/maps/dir/?api=1&destination=42.9618814193477,-71.4405109686868"
      },
      {
        "store_page_url": "https://locations.tacobell.com/nh/manchester/525-hooksett-road.html",
        "store_number": "040316",
        "store_location": "https://www.google.com/maps/dir/?api=1&destination=43.01441123788329,-71.45144218984645"
      }
    ]
  },
  {
    "county_name": "Nashua (1)",
    "county_url": "https://locations.tacobell.com/nh/nashua",
    "stores": [
      {
        "store_page_url": "https://locations.tacobell.com/nh/nashua/300-main-street.html",
        "store_number": "029274",
        "store_location": "https://www.google.com/maps/dir/?api=1&destination=42.752145199452485,-71.46093164386002"
      }
    ]
  },
  {
    "county_name": "North Conway (1)",
    "county_url": "https://locations.tacobell.com/nh/north-conway",
    "stores": [
      {
        "store_page_url": "https://locations.tacobell.com/nh/north-conway/1672-white-mountain-hwy.html",
        "store_number": "032062",
        "store_location": "https://www.google.com/maps/dir/?api=1&destination=44.02475,-71.118342"
      }
    ]
  },
  {
    "county_name": "Portsmouth (1)",
    "county_url": "https://locations.tacobell.com/nh/portsmouth",
    "stores": [
      {
        "store_page_url": "https://locations.tacobell.com/nh/portsmouth/2319-lafayette-rd.html",
        "store_number": "031694",
        "store_location": "https://www.google.com/maps/dir/?api=1&destination=43.03374097661886,-70.78120797872543"
      }
    ]
  },
  {
    "county_name": "Rochester (1)",
    "county_url": "https://locations.tacobell.com/nh/rochester",
    "stores": [
      {
        "store_page_url": "https://locations.tacobell.com/nh/rochester/288-n--main-street.html",
        "store_number": "029561",
        "store_location": "https://www.google.com/maps/dir/?api=1&destination=43.310426540962695,-70.99289864301676"
      }
    ]
  },
  {
    "county_name": "Salem (1)",
    "county_url": "https://locations.tacobell.com/nh/salem",
    "stores": [
      {
        "store_page_url": "https://locations.tacobell.com/nh/salem/322-s--broadway.html",
        "store_number": "029273",
        "store_location": "https://www.google.com/maps/dir/?api=1&destination=42.75499131386579,-71.20949426296647"
      }
    ]
  },
  {
    "county_name": "Seabrook (1)",
    "county_url": "https://locations.tacobell.com/nh/seabrook",
    "stores": [
      {
        "store_page_url": "https://locations.tacobell.com/nh/seabrook/306-lafayette-road.html",
        "store_number": "G135981",
        "store_location": "https://www.google.com/maps/dir/?api=1&destination=42.88350996845001,-70.86790421608384"
      }
    ]
  },
  {
    "county_name": "Somersworth (1)",
    "county_url": "https://locations.tacobell.com/nh/somersworth",
    "stores": [
      {
        "store_page_url": "https://locations.tacobell.com/nh/somersworth/9-commercial-drive.html",
        "store_number": "G445005",
        "store_location": "https://www.google.com/maps/dir/?api=1&destination=43.23630786754622,-70.88147894294707"
      }
    ]
  },
  {
    "county_name": "Tilton (1)",
    "county_url": "https://locations.tacobell.com/nh/tilton",
    "stores": [
      {
        "store_page_url": "https://locations.tacobell.com/nh/tilton/155-laconia-road.html",
        "store_number": "031661",
        "store_location": "https://www.google.com/maps/dir/?api=1&destination=43.45861330875828,-71.55821822583505"
      }
    ]
  },
  {
    "county_name": "West Lebanon (1)",
    "county_url": "https://locations.tacobell.com/nh/west-lebanon",
    "stores": [
      {
        "store_page_url": "https://locations.tacobell.com/nh/west-lebanon/197-south-main-street.html",
        "store_number": "J089025",
        "store_location": "https://www.google.com/maps/dir/?api=1&destination=43.6330288,-72.317818"
      }
    ]
  }
]