[
  {
    "county_name": "Albany (3)",
    "county_url": "https://locations.tacobell.com/ny/albany",
    "stores": [
      {
        "store_page_url": "https://locations.tacobell.com/ny/albany/1-crossgates-mall-rd.html",
        "store_number": "035189",
        "store_location": "https://www.google.com/maps/dir/?api=1&destination=42.68941697238826,-73.85037585234741"
      },
      {
        "store_page_url": "https://locations.tacobell.com/ny/albany/56-wolf-road.html",
        "store_number": "026362",
        "store_location": "https://www.google.com/maps/dir/?api=1&destination=42.71410991051792,-73.81471426674297"
      },
      {
        "store_page_url": "https://locations.tacobell.com/ny/albany/581-central-ave.html",
        "store_number": "042142",
        "store_location": "https://www.google.com/maps/dir/?api=1&destination=42.6721743,-73.7799003"
      }
    ]
  },
  {
    "county_name": "Albion (1)",
    "county_url": "https://locations.tacobell.com/ny/albion",
    "stores": [
      {
        "store_page_url": "https://locations.tacobell.com/ny/albion/122-west-ave.html",
        "store_number": "040901",
        "store_location": "https://www.google.com/maps/dir/?api=1&destination=43.24062,-78.19815"
      }
    ]
  },
  {
    "county_name": "Amherst (1)",
    "county_url": "https://locations.tacobell.com/ny/amherst",
    "stores": [
      {
        "store_page_url": "https://locations.tacobell.com/ny/amherst/4258-maple-road.html",
        "store_number": "039995",
        "store_location": "https://www.google.com/maps/dir/?api=1&destination=42.99138789041456,-78.80494771292433"
      }
    ]
  },
  {
    "county_name": "Amityville (1)",
    "county_url": "https://locations.tacobell.com/ny/amityville",
    "stores": [
      {
        "store_page_url": "https://locations.tacobell.com/ny/amityville/810-broadway.html",
        "store_number": "002615",
        "store_location": "https://www.google.com/maps/dir/?api=1&destination=40.70207410428792,-73.42750952394454"
      }
    ]
  },
  {
    "county_name": "Amsterdam (1)",
    "county_url": "https://locations.tacobell.com/ny/amsterdam",
    "stores": [
      {
        "store_page_url": "https://locations.tacobell.com/ny/amsterdam/130-sanford-farms-shopping-ctr.html",
        "store_number": "026353",
        "store_location": "https://www.google.com/maps/dir/?api=1&destination=42.963968902629325,-74.18592915753834"
      }
    ]
  },
  {
    "county_name": "Astoria (1)",
    "county_url": "https://locations.tacobell.com/ny/astoria",
    "stores": [
      {
        "store_page_url": "https://locations.tacobell.com/ny/astoria/22-24-31st-street.html",
        "store_number": "036027",
        "store_location": "https://www.google.com/maps/dir/?api=1&destination=40.77574772202303,-73.91154819819167"
      }
    ]
  },
  {
    "county_name": "Auburn (1)",
    "county_url": "https://locations.tacobell.com/ny/auburn",
    "stores": [
      {
        "store_page_url": "https://locations.tacobell.com/ny/auburn/168-grant-ave.html",
        "store_number": "035017",
        "store_location": "https://www.google.com/maps/dir/?api=1&destination=42.945229451375,-76.54953019282061"
      }
    ]
  },
  {
    "county_name": "Baldwin (1)",
    "county_url": "https://locations.tacobell.com/ny/baldwin",
    "stores": [
      {
        "store_page_url": "https://locations.tacobell.com/ny/baldwin/1180-grand-avenue.html",
        "store_number": "030926",
        "store_location": "https://www.google.com/maps/dir/?api=1&destination=40.6817422,-73.6154231"
      }
    ]
  },
  {
    "county_name": "Baldwinsville (1)",
    "county_url": "https://locations.tacobell.com/ny/baldwinsville",
    "stores": [
      {
        "store_page_url": "https://locations.tacobell.com/ny/baldwinsville/2220-downer-street-road.html",
        "store_number": "037384",
        "store_location": "https://www.google.com/maps/dir/?api=1&destination=43.1507580890631,-76.35411566299909"
      }
    ]
  },
  {
    "county_name": "Ballston Spa (1)",
    "county_url": "https://locations.tacobell.com/ny/ballston-spa",
    "stores": []
  },
  {
    "county_name": "Batavia (1)",
    "county_url": "https://locations.tacobell.com/ny/batavia",
    "stores": [
      {
        "store_page_url": "https://locations.tacobell.com/ny/batavia/413-west-main-street.html",
        "store_number": "017313",
        "store_location": "https://www.google.com/maps/dir/?api=1&destination=43.00489960861637,-78.2043171261237"
      }
    ]
  },
  {
    "county_name": "Bath (1)",
    "county_url": "https://locations.tacobell.com/ny/bath",
    "stores": [
      {
        "store_page_url": "https://locations.tacobell.com/ny/bath/368-w--morris-st.html",
        "store_number": "029461",
        "store_location": "https://www.google.com/maps/dir/?api=1&destination=42.340228364929594,-77.33468252426974"
      }
    ]
  },
  {
    "county_name": "Bay Shore (1)",
    "county_url": "https://locations.tacobell.com/ny/bay-shore",
    "stores": [
      {
        "store_page_url": "https://locations.tacobell.com/ny/bay-shore/490-e-main-street.html",
        "store_number": "002697",
        "store_location": "https://www.google.com/maps/dir/?api=1&destination=40.72773084615443,-73.22657972408864"
      }
    ]
  },
  {
    "county_name": "Binghamton (2)",
    "county_url": "https://locations.tacobell.com/ny/binghamton",
    "stores": [
      {
        "store_page_url": "https://locations.tacobell.com/ny/binghamton/429-court-st.html",
        "store_number": "039093",
        "store_location": "https://www.google.com/maps/dir/?api=1&destination=42.10472328061413,-75.88103741356564"
      },
      {
        "store_page_url": "https://locations.tacobell.com/ny/binghamton/1243-upper-front-st.html",
        "store_number": "042018",
        "store_location": "https://www.google.com/maps/dir/?api=1&destination=42.156148010454565,-75.89700872909482"
      }
    ]
  },
  {
    "county_name": "Brentwood (1)",
    "county_url": "https://locations.tacobell.com/ny/brentwood",
    "stores": [
      {
        "store_page_url": "https://locations.tacobell.com/ny/brentwood/500-suffolk-ave.html",
        "store_number": "033377",
        "store_location": "https://www.google.com/maps/dir/?api=1&destination=40.7789,-73.2543"
      }
    ]
  },
  {
    "county_name": "Briarcliff Manor (1)",
    "county_url": "https://locations.tacobell.com/ny/briarcliff-manor",
    "stores": [
      {
        "store_page_url": "https://locations.tacobell.com/ny/briarcliff-manor/233-south-highland-ave-.html",
        "store_number": "037350",
        "store_location": "https://www.google.com/maps/dir/?api=1&destination=41.143771789958755,-73.86084639847944"
      }
    ]
  },
  {
    "county_name": "Brockport (1)",
    "county_url": "https://locations.tacobell.com/ny/brockport",
    "stores": [
      {
        "store_page_url": "https://locations.tacobell.com/ny/brockport/4721-lake-rd.html",
        "store_number": "005008",
        "store_location": "https://www.google.com/maps/dir/?api=1&destination=43.199561702548884,-77.94378503229495"
      }
    ]
  },
  {
    "county_name": "Bronx (17)",
    "county_url": "https://locations.tacobell.com/ny/bronx",
    "stores": [
      {
        "store_page_url": "https://locations.tacobell.com/ny/bronx/961-e-174th-street.html",
        "store_number": "039956",
        "store_location": "https://www.google.com/maps/dir/?api=1&destination=40.83742194274708,-73.88474406441674"
      },
      {
        "store_page_url": "https://locations.tacobell.com/ny/bronx/3351-conners-street.html",
        "store_number": "039955",
        "store_location": "https://www.google.com/maps/dir/?api=1&destination=40.882868643382594,-73.82470974329408"
      },
      {
        "store_page_url": "https://locations.tacobell.com/ny/bronx/249-east-149th-st-.html",
        "store_number": "032879",
        "store_location": "https://www.google.com/maps/dir/?api=1&destination=40.81773169456624,-73.9232563184228"
      },
      {
        "store_page_url": "https://locations.tacobell.com/ny/bronx/1889-bruckner-blvd.html",
        "store_number": "039959",
        "store_location": "https://www.google.com/maps/dir/?api=1&destination=40.826374970485574,-73.86065647379382"
      },
      {
        "store_page_url": "https://locations.tacobell.com/ny/bronx/1731-webster-avenue.html",
        "store_number": "G135339",
        "store_location": "https://www.google.com/maps/dir/?api=1&destination=40.84385638198875,-73.9034147956907"
      },
      {
        "store_page_url": "https://locations.tacobell.com/ny/bronx/880-river-avenue.html",
        "store_number": "034607",
        "store_location": "https://www.google.com/maps/dir/?api=1&destination=40.828412088649145,-73.92531810185243"
      },
      {
        "store_page_url": "https://locations.tacobell.com/ny/bronx/2165a-white-plains-road.html",
        "store_number": "035325",
        "store_location": "https://www.google.com/maps/dir/?api=1&destination=40.85553989575002,-73.86794210881968"
      },
      {
        "store_page_url": "https://locations.tacobell.com/ny/bronx/2036-jerome-avenue.html",
        "store_number": "035069",
        "store_location": "https://www.google.com/maps/dir/?api=1&destination=40.85349737814087,-73.90731431902589"
      },
      {
        "store_page_url": "https://locations.tacobell.com/ny/bronx/8-w-fordham-rd.html",
        "store_number": "034818",
        "store_location": "https://www.google.com/maps/dir/?api=1&destination=40.86258037733615,-73.90179805736511"
      },
      {
        "store_page_url": "https://locations.tacobell.com/ny/bronx/361-e--fordham-road.html",
        "store_number": "035827",
        "store_location": "https://www.google.com/maps/dir/?api=1&destination=40.86204979866968,-73.89252967262986"
      },
      {
        "store_page_url": "https://locations.tacobell.com/ny/bronx/450-east-149-st-.html",
        "store_number": "037683",
        "store_location": "https://www.google.com/maps/dir/?api=1&destination=40.814927756888146,-73.91562673137078"
      },
      {
        "store_page_url": "https://locations.tacobell.com/ny/bronx/1058-southern-blvd.html",
        "store_number": "037467",
        "store_location": "https://www.google.com/maps/dir/?api=1&destination=40.8244,-73.8916"
      },
      {
        "store_page_url": "https://locations.tacobell.com/ny/bronx/4176-white-plains-rd.html",
        "store_number": "037094",
        "store_location": "https://www.google.com/maps/dir/?api=1&destination=40.89282138313724,-73.85743711239971"
      },
      {
        "store_page_url": "https://locations.tacobell.com/ny/bronx/3490-jerome-ave.html",
        "store_number": "040703",
        "store_location": "https://www.google.com/maps/dir/?api=1&destination=40.8824,-73.88132"
      },
      {
        "store_page_url": "https://locations.tacobell.com/ny/bronx/5625-broadway.html",
        "store_number": "040658",
        "store_location": "https://www.google.com/maps/dir/?api=1&destination=40.88004873961616,-73.90439336532398"
      },
      {
        "store_page_url": "https://locations.tacobell.com/ny/bronx/72-westchester-square.html",
        "store_number": "040572",
        "store_location": "https://www.google.com/maps/dir/?api=1&destination=40.84111780900031,-73.84240350276126"
      },
      {
        "store_page_url": "https://locations.tacobell.com/ny/bronx/54-e-170th-st.html",
        "store_number": "041158",
        "store_location": "https://www.google.com/maps/dir/?api=1&destination=40.83959502051942,-73.91661562324984"
      }
    ]
  },
  {
    "county_name": "Brooklyn (16)",
    "county_url": "https://locations.tacobell.com/ny/brooklyn",
    "stores": [
      {
        "store_page_url": "https://locations.tacobell.com/ny/brooklyn/8625-4th-ave-.html",
        "store_number": "030731",
        "store_location": "https://www.google.com/maps/dir/?api=1&destination=40.621987627143156,-74.02839307488648"
      },
      {
        "store_page_url": "https://locations.tacobell.com/ny/brooklyn/2026-coney-island-ave.html",
        "store_number": "F569039",
        "store_location": "https://www.google.com/maps/dir/?api=1&destination=40.60763514470743,-73.96220527589321"
      },
      {
        "store_page_url": "https://locations.tacobell.com/ny/brooklyn/108-30-flatlands-ave.html",
        "store_number": "F569037",
        "store_location": "https://www.google.com/maps/dir/?api=1&destination=40.649364,-73.891575"
      },
      {
        "store_page_url": "https://locations.tacobell.com/ny/brooklyn/491-nostrand-ave.html",
        "store_number": "033947",
        "store_location": "https://www.google.com/maps/dir/?api=1&destination=40.68064583239703,-73.9494459457638"
      },
      {
        "store_page_url": "https://locations.tacobell.com/ny/brooklyn/1359-broadway.html",
        "store_number": "034349",
        "store_location": "https://www.google.com/maps/dir/?api=1&destination=40.68986278454486,-73.92226419431152"
      },
      {
        "store_page_url": "https://locations.tacobell.com/ny/brooklyn/1034-flatbush-ave.html",
        "store_number": "034150",
        "store_location": "https://www.google.com/maps/dir/?api=1&destination=40.64580109531123,-73.95834142593563"
      },
      {
        "store_page_url": "https://locations.tacobell.com/ny/brooklyn/208-mcguinness-boulevard.html",
        "store_number": "K273002",
        "store_location": "https://www.google.com/maps/dir/?api=1&destination=40.72988762807761,-73.95064734470219"
      },
      {
        "store_page_url": "https://locations.tacobell.com/ny/brooklyn/1665-pitkin-avenue.html",
        "store_number": "036455",
        "store_location": "https://www.google.com/maps/dir/?api=1&destination=40.6697473363658,-73.91195812676696"
      },
      {
        "store_page_url": "https://locations.tacobell.com/ny/brooklyn/785-flushing-avenue.html",
        "store_number": "022960",
        "store_location": "https://www.google.com/maps/dir/?api=1&destination=40.70097769633215,-73.94150219081693"
      },
      {
        "store_page_url": "https://locations.tacobell.com/ny/brooklyn/1047-surf-ave.html",
        "store_number": "036795",
        "store_location": "https://www.google.com/maps/dir/?api=1&destination=40.57579838830771,-73.97948212062366"
      },
      {
        "store_page_url": "https://locations.tacobell.com/ny/brooklyn/1902-ralph-avenue.html",
        "store_number": "037037",
        "store_location": "https://www.google.com/maps/dir/?api=1&destination=40.63092626583668,-73.91918447566407"
      },
      {
        "store_page_url": "https://locations.tacobell.com/ny/brooklyn/5118-5th-avenue.html",
        "store_number": "037051",
        "store_location": "https://www.google.com/maps/dir/?api=1&destination=40.64434179808303,-74.01147223422221"
      },
      {
        "store_page_url": "https://locations.tacobell.com/ny/brooklyn/1977-86th-street.html",
        "store_number": "037389",
        "store_location": "https://www.google.com/maps/dir/?api=1&destination=40.60494854533512,-73.99835681056516"
      },
      {
        "store_page_url": "https://locations.tacobell.com/ny/brooklyn/809-grand-street.html",
        "store_number": "035419",
        "store_location": "https://www.google.com/maps/dir/?api=1&destination=40.712117630339534,-73.94101312755363"
      },
      {
        "store_page_url": "https://locations.tacobell.com/ny/brooklyn/283-broadway.html",
        "store_number": "037832",
        "store_location": "https://www.google.com/maps/dir/?api=1&destination=40.70879208796513,-73.95847624080733"
      },
      {
        "store_page_url": "https://locations.tacobell.com/ny/brooklyn/52-court-street.html",
        "store_number": "041334",
        "store_location": "https://www.google.com/maps/dir/?api=1&destination=40.69229211177486,-73.99141198374691"
      }
    ]
  },
  {
    "county_name": "Buffalo (3)",
    "county_url": "https://locations.tacobell.com/ny/buffalo",
    "stores": [
      {
        "store_page_url": "https://locations.tacobell.com/ny/buffalo/3730-union-road.html",
        "store_number": "039996",
        "store_location": "https://www.google.com/maps/dir/?api=1&destination=42.91548061890049,-78.75477433204657"
      },
      {
        "store_page_url": "https://locations.tacobell.com/ny/buffalo/170-abbott-road.html",
        "store_number": "G135416",
        "store_location": "https://www.google.com/maps/dir/?api=1&destination=42.85613804982359,-78.82269684972016"
      },
      {
        "store_page_url": "https://locations.tacobell.com/ny/buffalo/1893-elmwood-ave.html",
        "store_number": "040009",
        "store_location": "https://www.google.com/maps/dir/?api=1&destination=42.9494226751338,-78.87766807085019"
      }
    ]
  },
  {
    "county_name": "Canandaigua (1)",
    "county_url": "https://locations.tacobell.com/ny/canandaigua",
    "stores": [
      {
        "store_page_url": "https://locations.tacobell.com/ny/canandaigua/10-raymour-and-flanigan-plz.html",
        "store_number": "005687",
        "store_location": "https://www.google.com/maps/dir/?api=1&destination=42.87696851526772,-77.24912166595459"
      }
    ]
  },
  {
    "county_name": "Carmel (1)",
    "county_url": "https://locations.tacobell.com/ny/carmel",
    "stores": [
      {
        "store_page_url": "https://locations.tacobell.com/ny/carmel/1081-stoneleigh-avenue.html",
        "store_number": "036767",
        "store_location": "https://www.google.com/maps/dir/?api=1&destination=41.41248857110209,-73.66837930934511"
      }
    ]
  },
  {
    "county_name": "Catskill (1)",
    "county_url": "https://locations.tacobell.com/ny/catskill",
    "stores": [
      {
        "store_page_url": "https://locations.tacobell.com/ny/catskill/170-w-bridge-street.html",
        "store_number": "039145",
        "store_location": "https://www.google.com/maps/dir/?api=1&destination=42.2160043378776,-73.87808667790986"
      }
    ]
  },
  {
    "county_name": "Central Islip (1)",
    "county_url": "https://locations.tacobell.com/ny/central-islip",
    "stores": [
      {
        "store_page_url": "https://locations.tacobell.com/ny/central-islip/16-w-suffolk-ave.html",
        "store_number": "026388",
        "store_location": "https://www.google.com/maps/dir/?api=1&destination=40.789836717551786,-73.20480727169577"
      }
    ]
  },
  {
    "county_name": "Central Square (1)",
    "county_url": "https://locations.tacobell.com/ny/central-square",
    "stores": [
      {
        "store_page_url": "https://locations.tacobell.com/ny/central-square/3016-east-avenue.html",
        "store_number": "031565",
        "store_location": "https://www.google.com/maps/dir/?api=1&destination=43.28743203973778,-76.12883508649082"
      }
    ]
  },
  {
    "county_name": "Cheektowaga (1)",
    "county_url": "https://locations.tacobell.com/ny/cheektowaga",
    "stores": [
      {
        "store_page_url": "https://locations.tacobell.com/ny/cheektowaga/1689-walden-ave.html",
        "store_number": "040566",
        "store_location": "https://www.google.com/maps/dir/?api=1&destination=42.90750780591543,-78.77414257724944"
      }
    ]
  },
  {
    "county_name": "Chester (1)",
    "county_url": "https://locations.tacobell.com/ny/chester",
    "stores": [
      {
        "store_page_url": "https://locations.tacobell.com/ny/chester/85-brookside-dr-.html",
        "store_number": "036376",
        "store_location": "https://www.google.com/maps/dir/?api=1&destination=41.35611897963398,-74.28330920175995"
      }
    ]
  },
  {
    "county_name": "Cicero (1)",
    "county_url": "https://locations.tacobell.com/ny/cicero",
    "stores": [
      {
        "store_page_url": "https://locations.tacobell.com/ny/cicero/7881-brewerton-rd.html",
        "store_number": "004976",
        "store_location": "https://www.google.com/maps/dir/?api=1&destination=43.15173683195894,-76.12534293879874"
      }
    ]
  },
  {
    "county_name": "Clifton Park (1)",
    "county_url": "https://locations.tacobell.com/ny/clifton-park",
    "stores": [
      {
        "store_page_url": "https://locations.tacobell.com/ny/clifton-park/811-route-146.html",
        "store_number": "026351",
        "store_location": "https://www.google.com/maps/dir/?api=1&destination=42.863312210903594,-73.7803602218628"
      }
    ]
  },
  {
    "county_name": "Cobleskill (1)",
    "county_url": "https://locations.tacobell.com/ny/cobleskill",
    "stores": [
      {
        "store_page_url": "https://locations.tacobell.com/ny/cobleskill/764-e--main-st-.html",
        "store_number": "042051",
        "store_location": "https://www.google.com/maps/dir/?api=1&destination=42.67939024664104,-74.47495560921"
      }
    ]
  },
  {
    "county_name": "Commack (1)",
    "county_url": "https://locations.tacobell.com/ny/commack",
    "stores": [
      {
        "store_page_url": "https://locations.tacobell.com/ny/commack/2186-jericho-turnpike.html",
        "store_number": "002695",
        "store_location": "https://www.google.com/maps/dir/?api=1&destination=40.84240061083675,-73.28651775489561"
      }
    ]
  },
  {
    "county_name": "Coram (1)",
    "county_url": "https://locations.tacobell.com/ny/coram",
    "stores": [
      {
        "store_page_url": "https://locations.tacobell.com/ny/coram/348-middle-country-road.html",
        "store_number": "039954",
        "store_location": "https://www.google.com/maps/dir/?api=1&destination=40.87059336985131,-72.99657779165287"
      }
    ]
  },
  {
    "county_name": "Corona (1)",
    "county_url": "https://locations.tacobell.com/ny/corona",
    "stores": [
      {
        "store_page_url": "https://locations.tacobell.com/ny/corona/38-1-junction-blvd.html",
        "store_number": "033459",
        "store_location": "https://www.google.com/maps/dir/?api=1&destination=40.74958156615192,-73.86936932802206"
      }
    ]
  },
  {
    "county_name": "Cortland (2)",
    "county_url": "https://locations.tacobell.com/ny/cortland",
    "stores": [
      {
        "store_page_url": "https://locations.tacobell.com/ny/cortland/9-river-street.html",
        "store_number": "017490",
        "store_location": "https://www.google.com/maps/dir/?api=1&destination=42.60646504220575,-76.16564279019818"
      },
      {
        "store_page_url": "https://locations.tacobell.com/ny/cortland/860-state-route-13.html",
        "store_number": "041684",
        "store_location": "https://www.google.com/maps/dir/?api=1&destination=42.572684500000015,-76.21744239938832"
      }
    ]
  },
  {
    "county_name": "Cortlandt Manor (1)",
    "county_url": "https://locations.tacobell.com/ny/cortlandt-manor",
    "stores": [
      {
        "store_page_url": "https://locations.tacobell.com/ny/cortlandt-manor/3605-crompond-road.html",
        "store_number": "037075",
        "store_location": "https://www.google.com/maps/dir/?api=1&destination=41.289,-73.8408"
      }
    ]
  },
  {
    "county_name": "Dansville (1)",
    "county_url": "https://locations.tacobell.com/ny/dansville",
    "stores": [
      {
        "store_page_url": "https://locations.tacobell.com/ny/dansville/135-franklin-st.html",
        "store_number": "030540",
        "store_location": "https://www.google.com/maps/dir/?api=1&destination=42.564829008293856,-77.71278824881537"
      }
    ]
  },
  {
    "county_name": "Deer Park (1)",
    "county_url": "https://locations.tacobell.com/ny/deer-park",
    "stores": [
      {
        "store_page_url": "https://locations.tacobell.com/ny/deer-park/1937-deer-park-avenue.html",
        "store_number": "001613",
        "store_location": "https://www.google.com/maps/dir/?api=1&destination=40.763511178011875,-73.32956499915579"
      }
    ]
  },
  {
    "county_name": "Depew (1)",
    "county_url": "https://locations.tacobell.com/ny/depew",
    "stores": [
      {
        "store_page_url": "https://locations.tacobell.com/ny/depew/4940-transit-rd.html",
        "store_number": "G135889",
        "store_location": "https://www.google.com/maps/dir/?api=1&destination=42.87985181690769,-78.69752581147222"
      }
    ]
  },
  {
    "county_name": "Dunkirk (1)",
    "county_url": "https://locations.tacobell.com/ny/dunkirk",
    "stores": [
      {
        "store_page_url": "https://locations.tacobell.com/ny/dunkirk/10517-bennett-rd.html",
        "store_number": "G135422",
        "store_location": "https://www.google.com/maps/dir/?api=1&destination=42.45719985435576,-79.31230191888062"
      }
    ]
  },
  {
    "county_name": "East Elmhurst (1)",
    "county_url": "https://locations.tacobell.com/ny/east-elmhurst",
    "stores": [
      {
        "store_page_url": "https://locations.tacobell.com/ny/east-elmhurst/83-10-astoria-blvd.html",
        "store_number": "036429",
        "store_location": "https://www.google.com/maps/dir/?api=1&destination=40.764350645102276,-73.88540897745342"
      }
    ]
  },
  {
    "county_name": "East Meadow (1)",
    "county_url": "https://locations.tacobell.com/ny/east-meadow",
    "stores": [
      {
        "store_page_url": "https://locations.tacobell.com/ny/east-meadow/1939-hempstead-turnpike.html",
        "store_number": "029496",
        "store_location": "https://www.google.com/maps/dir/?api=1&destination=40.724606116248616,-73.56453895568848"
      }
    ]
  },
  {
    "county_name": "East Northport (1)",
    "county_url": "https://locations.tacobell.com/ny/east-northport",
    "stores": [
      {
        "store_page_url": "https://locations.tacobell.com/ny/east-northport/3048-jericho-tpke.html",
        "store_number": "028508",
        "store_location": "https://www.google.com/maps/dir/?api=1&destination=40.83891878164058,-73.32206417621819"
      }
    ]
  },
  {
    "county_name": "East Rochester (1)",
    "county_url": "https://locations.tacobell.com/ny/east-rochester",
    "stores": [
      {
        "store_page_url": "https://locations.tacobell.com/ny/east-rochester/341-west-commercial-street.html",
        "store_number": "040717",
        "store_location": "https://www.google.com/maps/dir/?api=1&destination=43.11555516686867,-77.49130889699528"
      }
    ]
  },
  {
    "county_name": "Ellenville (1)",
    "county_url": "https://locations.tacobell.com/ny/ellenville",
    "stores": [
      {
        "store_page_url": "https://locations.tacobell.com/ny/ellenville/41-n-main-street.html",
        "store_number": "039547",
        "store_location": "https://www.google.com/maps/dir/?api=1&destination=41.72179754512469,-74.39257890092622"
      }
    ]
  },
  {
    "county_name": "Elmira (2)",
    "county_url": "https://locations.tacobell.com/ny/elmira",
    "stores": [
      {
        "store_page_url": "https://locations.tacobell.com/ny/elmira/865-country-road-64.html",
        "store_number": "039065",
        "store_location": "https://www.google.com/maps/dir/?api=1&destination=42.15506261396658,-76.87981635332108"
      },
      {
        "store_page_url": "https://locations.tacobell.com/ny/elmira/1149-broadway-street.html",
        "store_number": "G135420",
        "store_location": "https://www.google.com/maps/dir/?api=1&destination=42.05663640460193,-76.81888417245126"
      }
    ]
  },
  {
    "county_name": "Elmont (1)",
    "county_url": "https://locations.tacobell.com/ny/elmont",
    "stores": [
      {
        "store_page_url": "https://locations.tacobell.com/ny/elmont/1625-hempstead-turnpike.html",
        "store_number": "021382",
        "store_location": "https://www.google.com/maps/dir/?api=1&destination=40.707116796133505,-73.70065592491432"
      }
    ]
  },
  {
    "county_name": "Elmsford (1)",
    "county_url": "https://locations.tacobell.com/ny/elmsford",
    "stores": [
      {
        "store_page_url": "https://locations.tacobell.com/ny/elmsford/350-saw-mill-river-road.html",
        "store_number": "K273008",
        "store_location": "https://www.google.com/maps/dir/?api=1&destination=41.066354219738464,-73.81457611623331"
      }
    ]
  },
  {
    "county_name": "Evans Mills (1)",
    "county_url": "https://locations.tacobell.com/ny/evans-mills",
    "stores": [
      {
        "store_page_url": "https://locations.tacobell.com/ny/evans-mills/26462-herrick-dr-.html",
        "store_number": "024149",
        "store_location": "https://www.google.com/maps/dir/?api=1&destination=44.04072040558215,-75.84095308185852"
      }
    ]
  },
  {
    "county_name": "Fairport (2)",
    "county_url": "https://locations.tacobell.com/ny/fairport",
    "stores": [
      {
        "store_page_url": "https://locations.tacobell.com/ny/fairport/2157-fairport-nine-mile-point-rd.html",
        "store_number": "005332",
        "store_location": "https://www.google.com/maps/dir/?api=1&destination=43.129934151927976,-77.44194701313972"
      },
      {
        "store_page_url": "https://locations.tacobell.com/ny/fairport/6687-pittsford-palmyra-road.html",
        "store_number": "035227",
        "store_location": "https://www.google.com/maps/dir/?api=1&destination=43.068797013868206,-77.4444746387745"
      }
    ]
  },
  {
    "county_name": "Far Rockaway (1)",
    "county_url": "https://locations.tacobell.com/ny/far-rockaway",
    "stores": [
      {
        "store_page_url": "https://locations.tacobell.com/ny/far-rockaway/13-5-beach-channel-drive.html",
        "store_number": "035457",
        "store_location": "https://www.google.com/maps/dir/?api=1&destination=40.60558119980972,-73.75547906198865"
      }
    ]
  },
  {
    "county_name": "Farmingdale (1)",
    "county_url": "https://locations.tacobell.com/ny/farmingdale",
    "stores": [
      {
        "store_page_url": "https://locations.tacobell.com/ny/farmingdale/1981-broadhollow-rd.html",
        "store_number": "039953",
        "store_location": "https://www.google.com/maps/dir/?api=1&destination=40.747065951573624,-73.42171534895897"
      }
    ]
  },
  {
    "county_name": "Farmington (1)",
    "county_url": "https://locations.tacobell.com/ny/farmington",
    "stores": [
      {
        "store_page_url": "https://locations.tacobell.com/ny/farmington/1295-ny-332.html",
        "store_number": "034610",
        "store_location": "https://www.google.com/maps/dir/?api=1&destination=42.97293552784165,-77.35312158141593"
      }
    ]
  },
  {
    "county_name": "Farmingville (1)",
    "county_url": "https://locations.tacobell.com/ny/farmingville",
    "stores": [
      {
        "store_page_url": "https://locations.tacobell.com/ny/farmingville/2425-n--ocean-ave-.html",
        "store_number": "005083",
        "store_location": "https://www.google.com/maps/dir/?api=1&destination=40.829494591714145,-73.0204404063373"
      }
    ]
  },
  {
    "county_name": "Fishkill (1)",
    "county_url": "https://locations.tacobell.com/ny/fishkill",
    "stores": [
      {
        "store_page_url": "https://locations.tacobell.com/ny/fishkill/3-elm-street.html",
        "store_number": "039074",
        "store_location": "https://www.google.com/maps/dir/?api=1&destination=41.53438293156661,-73.89710524681504"
      }
    ]
  },
  {
    "county_name": "Floral Park (1)",
    "county_url": "https://locations.tacobell.com/ny/floral-park",
    "stores": [
      {
        "store_page_url": "https://locations.tacobell.com/ny/floral-park/90-jericho-turnpike.html",
        "store_number": "034014",
        "store_location": "https://www.google.com/maps/dir/?api=1&destination=40.72744245069915,-73.70829895590028"
      }
    ]
  },
  {
    "county_name": "Flushing (2)",
    "county_url": "https://locations.tacobell.com/ny/flushing",
    "stores": [
      {
        "store_page_url": "https://locations.tacobell.com/ny/flushing/172-12-northern-blvd-.html",
        "store_number": "003200",
        "store_location": "https://www.google.com/maps/dir/?api=1&destination=40.75744047241874,-73.79353232091982"
      },
      {
        "store_page_url": "https://locations.tacobell.com/ny/flushing/31-22-farrington-street.html",
        "store_number": "035334",
        "store_location": "https://www.google.com/maps/dir/?api=1&destination=40.7689,-73.8342"
      }
    ]
  },
  {
    "county_name": "Franklin Square (2)",
    "county_url": "https://locations.tacobell.com/ny/franklin-square",
    "stores": [
      {
        "store_page_url": "https://locations.tacobell.com/ny/franklin-square/996-hempstead-turnpike.html",
        "store_number": "003177",
        "store_location": "https://www.google.com/maps/dir/?api=1&destination=40.70782712234894,-73.67708270253388"
      },
      {
        "store_page_url": "https://locations.tacobell.com/ny/franklin-square/598-franklin-ave.html",
        "store_number": "035167",
        "store_location": "https://www.google.com/maps/dir/?api=1&destination=40.691335737169936,-73.68501486781605"
      }
    ]
  },
  {
    "county_name": "Freeport (1)",
    "county_url": "https://locations.tacobell.com/ny/freeport",
    "stores": [
      {
        "store_page_url": "https://locations.tacobell.com/ny/freeport/215-w-merrick-rd.html",
        "store_number": "034816",
        "store_location": "https://www.google.com/maps/dir/?api=1&destination=40.652366165665356,-73.5892257754631"
      }
    ]
  },
  {
    "county_name": "Fulton (1)",
    "county_url": "https://locations.tacobell.com/ny/fulton",
    "stores": [
      {
        "store_page_url": "https://locations.tacobell.com/ny/fulton/505-s--second-street.html",
        "store_number": "035185",
        "store_location": "https://www.google.com/maps/dir/?api=1&destination=43.314953411391436,-76.40784705732304"
      }
    ]
  },
  {
    "county_name": "Fultonville (1)",
    "county_url": "https://locations.tacobell.com/ny/fultonville",
    "stores": [
      {
        "store_page_url": "https://locations.tacobell.com/ny/fultonville/128-riverside-drive.html",
        "store_number": "038766",
        "store_location": "https://www.google.com/maps/dir/?api=1&destination=42.9474,-74.3582"
      }
    ]
  },
  {
    "county_name": "Geneseo (1)",
    "county_url": "https://locations.tacobell.com/ny/geneseo",
    "stores": [
      {
        "store_page_url": "https://locations.tacobell.com/ny/geneseo/4200-lakeville-road.html",
        "store_number": "G135423",
        "store_location": "https://www.google.com/maps/dir/?api=1&destination=42.7957892683863,-77.79170959258408"
      }
    ]
  },
  {
    "county_name": "Geneva (1)",
    "county_url": "https://locations.tacobell.com/ny/geneva",
    "stores": [
      {
        "store_page_url": "https://locations.tacobell.com/ny/geneva/810-canandaigua-road.html",
        "store_number": "G135421",
        "store_location": "https://www.google.com/maps/dir/?api=1&destination=42.85722133137755,-77.0120945158928"
      }
    ]
  },
  {
    "county_name": "Glen Cove (1)",
    "county_url": "https://locations.tacobell.com/ny/glen-cove",
    "stores": [
      {
        "store_page_url": "https://locations.tacobell.com/ny/glen-cove/98-forest-ave-.html",
        "store_number": "039950",
        "store_location": "https://www.google.com/maps/dir/?api=1&destination=40.87284386085422,-73.62188954652993"
      }
    ]
  },
  {
    "county_name": "Glenmont (1)",
    "county_url": "https://locations.tacobell.com/ny/glenmont",
    "stores": [
      {
        "store_page_url": "https://locations.tacobell.com/ny/glenmont/237-route-9w.html",
        "store_number": "030368",
        "store_location": "https://www.google.com/maps/dir/?api=1&destination=42.6125058358983,-73.78748124026131"
      }
    ]
  },
  {
    "county_name": "Glenville (1)",
    "county_url": "https://locations.tacobell.com/ny/glenville",
    "stores": [
      {
        "store_page_url": "https://locations.tacobell.com/ny/glenville/128-freemans-bridge-road.html",
        "store_number": "041962",
        "store_location": "https://www.google.com/maps/dir/?api=1&destination=42.842221,-73.939396"
      }
    ]
  },
  {
    "county_name": "Grand Island (1)",
    "county_url": "https://locations.tacobell.com/ny/grand-island",
    "stores": [
      {
        "store_page_url": "https://locations.tacobell.com/ny/grand-island/1754-grand-island-blvd.html",
        "store_number": "040765",
        "store_location": "https://www.google.com/maps/dir/?api=1&destination=43.0092,-78.9518"
      }
    ]
  },
  {
    "county_name": "Greenvale (1)",
    "county_url": "https://locations.tacobell.com/ny/greenvale",
    "stores": [
      {
        "store_page_url": "https://locations.tacobell.com/ny/greenvale/56-glen-cove-road.html",
        "store_number": "C160009",
        "store_location": "https://www.google.com/maps/dir/?api=1&destination=40.81303300531434,-73.6270533240613"
      }
    ]
  },
  {
    "county_name": "Hamburg (1)",
    "county_url": "https://locations.tacobell.com/ny/hamburg",
    "stores": [
      {
        "store_page_url": "https://locations.tacobell.com/ny/hamburg/4923-southwestern-blvd.html",
        "store_number": "040833",
        "store_location": "https://www.google.com/maps/dir/?api=1&destination=42.75273026498663,-78.84797198222638"
      }
    ]
  },
  {
    "county_name": "Hempstead (1)",
    "county_url": "https://locations.tacobell.com/ny/hempstead",
    "stores": [
      {
        "store_page_url": "https://locations.tacobell.com/ny/hempstead/490-peninsula-blvd.html",
        "store_number": "021247",
        "store_location": "https://www.google.com/maps/dir/?api=1&destination=40.70042009015052,-73.62832550910376"
      }
    ]
  },
  {
    "county_name": "Herkimer (1)",
    "county_url": "https://locations.tacobell.com/ny/herkimer",
    "stores": [
      {
        "store_page_url": "https://locations.tacobell.com/ny/herkimer/200-s-caroline-street.html",
        "store_number": "G135350",
        "store_location": "https://www.google.com/maps/dir/?api=1&destination=43.02210587574616,-74.993214905262"
      }
    ]
  },
  {
    "county_name": "Hicksville (2)",
    "county_url": "https://locations.tacobell.com/ny/hicksville",
    "stores": [
      {
        "store_page_url": "https://locations.tacobell.com/ny/hicksville/638-s-oyster-bay-rd.html",
        "store_number": "001498",
        "store_location": "https://www.google.com/maps/dir/?api=1&destination=40.77028828477876,-73.5016836673185"
      },
      {
        "store_page_url": "https://locations.tacobell.com/ny/hicksville/263-s--broadway.html",
        "store_number": "023385",
        "store_location": "https://www.google.com/maps/dir/?api=1&destination=40.762863665305815,-73.5171918725023"
      }
    ]
  },
  {
    "county_name": "Hornell (1)",
    "county_url": "https://locations.tacobell.com/ny/hornell",
    "stores": [
      {
        "store_page_url": "https://locations.tacobell.com/ny/hornell/39-main-street.html",
        "store_number": "034376",
        "store_location": "https://www.google.com/maps/dir/?api=1&destination=42.3276948913557,-77.66294023037395"
      }
    ]
  },
  {
    "county_name": "Howard Beach (1)",
    "county_url": "https://locations.tacobell.com/ny/howard-beach",
    "stores": [
      {
        "store_page_url": "https://locations.tacobell.com/ny/howard-beach/135-25-79-th-street.html",
        "store_number": "038804",
        "store_location": "https://www.google.com/maps/dir/?api=1&destination=40.6713,-73.856"
      }
    ]
  },
  {
    "county_name": "Hudson (1)",
    "county_url": "https://locations.tacobell.com/ny/hudson",
    "stores": [
      {
        "store_page_url": "https://locations.tacobell.com/ny/hudson/350-fairview-ave-.html",
        "store_number": "026366",
        "store_location": "https://www.google.com/maps/dir/?api=1&destination=42.27021972587982,-73.76053695382325"
      }
    ]
  },
  {
    "county_name": "Huntington Station (1)",
    "county_url": "https://locations.tacobell.com/ny/huntington-station",
    "stores": [
      {
        "store_page_url": "https://locations.tacobell.com/ny/huntington-station/1898-new-york-avenue.html",
        "store_number": "001667",
        "store_location": "https://www.google.com/maps/dir/?api=1&destination=40.836810650771774,-73.4113478735253"
      }
    ]
  },
  {
    "county_name": "Ithaca (2)",
    "county_url": "https://locations.tacobell.com/ny/ithaca",
    "stores": [
      {
        "store_page_url": "https://locations.tacobell.com/ny/ithaca/222-elmira-road.html",
        "store_number": "009587",
        "store_location": "https://www.google.com/maps/dir/?api=1&destination=42.42913495813715,-76.50748376549927"
      },
      {
        "store_page_url": "https://locations.tacobell.com/ny/ithaca/2301-n--triphammer-rd-.html",
        "store_number": "042056",
        "store_location": "https://www.google.com/maps/dir/?api=1&destination=42.48204824251817,-76.48366345776137"
      }
    ]
  },
  {
    "county_name": "Jackson Heights (1)",
    "county_url": "https://locations.tacobell.com/ny/jackson-heights",
    "stores": [
      {
        "store_page_url": "https://locations.tacobell.com/ny/jackson-heights/8301-37th-ave.html",
        "store_number": "019851",
        "store_location": "https://www.google.com/maps/dir/?api=1&destination=40.75004907425494,-73.88327498794894"
      }
    ]
  },
  {
    "county_name": "Jamaica (5)",
    "county_url": "https://locations.tacobell.com/ny/jamaica",
    "stores": [
      {
        "store_page_url": "https://locations.tacobell.com/ny/jamaica/16001-jamaica-avenue.html",
        "store_number": "033349",
        "store_location": "https://www.google.com/maps/dir/?api=1&destination=40.70397303840558,-73.79916052131307"
      },
      {
        "store_page_url": "https://locations.tacobell.com/ny/jamaica/119-16-liberty-ave.html",
        "store_number": "037095",
        "store_location": "https://www.google.com/maps/dir/?api=1&destination=40.686241247708224,-73.8234455439922"
      },
      {
        "store_page_url": "https://locations.tacobell.com/ny/jamaica/92-23-168th-street.html",
        "store_number": "038757",
        "store_location": "https://www.google.com/maps/dir/?api=1&destination=40.70585013667496,-73.79174928226273"
      },
      {
        "store_page_url": "https://locations.tacobell.com/ny/jamaica/17551-hillside-ave.html",
        "store_number": "041498",
        "store_location": "https://www.google.com/maps/dir/?api=1&destination=40.712315906187335,-73.78620275124072"
      },
      {
        "store_page_url": "https://locations.tacobell.com/ny/jamaica/132-77-metropolitan-ave.html",
        "store_number": "040319",
        "store_location": "https://www.google.com/maps/dir/?api=1&destination=40.702858393564554,-73.81764828988113"
      }
    ]
  },
  {
    "county_name": "Johnson City (1)",
    "county_url": "https://locations.tacobell.com/ny/johnson-city",
    "stores": [
      {
        "store_page_url": "https://locations.tacobell.com/ny/johnson-city/220-reynolds-road.html",
        "store_number": "039068",
        "store_location": "https://www.google.com/maps/dir/?api=1&destination=42.126471043904566,-75.97122435273377"
      }
    ]
  },
  {
    "county_name": "Johnstown (1)",
    "county_url": "https://locations.tacobell.com/ny/johnstown",
    "stores": [
      {
        "store_page_url": "https://locations.tacobell.com/ny/johnstown/207-n-comrie-ave.html",
        "store_number": "030369",
        "store_location": "https://www.google.com/maps/dir/?api=1&destination=43.014533174547225,-74.36146965950071"
      }
    ]
  },
  {
    "county_name": "Kingston (1)",
    "county_url": "https://locations.tacobell.com/ny/kingston",
    "stores": [
      {
        "store_page_url": "https://locations.tacobell.com/ny/kingston/1305-ulster-ave.html",
        "store_number": "039097",
        "store_location": "https://www.google.com/maps/dir/?api=1&destination=41.97016546054091,-73.98954333365445"
      }
    ]
  },
  {
    "county_name": "Lackawanna (1)",
    "county_url": "https://locations.tacobell.com/ny/lackawanna",
    "stores": [
      {
        "store_page_url": "https://locations.tacobell.com/ny/lackawanna/1361-abbott-rd.html",
        "store_number": "041430",
        "store_location": "https://www.google.com/maps/dir/?api=1&destination=42.82803985193649,-78.80498608563404"
      }
    ]
  },
  {
    "county_name": "Lakewood (1)",
    "county_url": "https://locations.tacobell.com/ny/lakewood",
    "stores": [
      {
        "store_page_url": "https://locations.tacobell.com/ny/lakewood/310-e-fairmount-ave.html",
        "store_number": "036328",
        "store_location": "https://www.google.com/maps/dir/?api=1&destination=42.09826888342504,-79.30401088300437"
      }
    ]
  },
  {
    "county_name": "Latham (1)",
    "county_url": "https://locations.tacobell.com/ny/latham",
    "stores": [
      {
        "store_page_url": "https://locations.tacobell.com/ny/latham/676-new-loudon-rd.html",
        "store_number": "026349",
        "store_location": "https://www.google.com/maps/dir/?api=1&destination=42.73741305256481,-73.76279386504731"
      }
    ]
  },
  {
    "county_name": "Lawrence (1)",
    "county_url": "https://locations.tacobell.com/ny/lawrence",
    "stores": [
      {
        "store_page_url": "https://locations.tacobell.com/ny/lawrence/325-rockaway-turnpike.html",
        "store_number": "003178",
        "store_location": "https://www.google.com/maps/dir/?api=1&destination=40.62597269313822,-73.73665188254563"
      }
    ]
  },
  {
    "county_name": "Levittown (1)",
    "county_url": "https://locations.tacobell.com/ny/levittown",
    "stores": [
      {
        "store_page_url": "https://locations.tacobell.com/ny/levittown/3946-hempstead-turnpike.html",
        "store_number": "003726",
        "store_location": "https://www.google.com/maps/dir/?api=1&destination=40.725009813906766,-73.49021588267533"
      }
    ]
  },
  {
    "county_name": "Lindenhurst (1)",
    "county_url": "https://locations.tacobell.com/ny/lindenhurst",
    "stores": [
      {
        "store_page_url": "https://locations.tacobell.com/ny/lindenhurst/311-montauk-hwy.html",
        "store_number": "002617",
        "store_location": "https://www.google.com/maps/dir/?api=1&destination=40.683339616517536,-73.35292795303758"
      }
    ]
  },
  {
    "county_name": "Liverpool (2)",
    "county_url": "https://locations.tacobell.com/ny/liverpool",
    "stores": [
      {
        "store_page_url": "https://locations.tacobell.com/ny/liverpool/8095-oswego-rd.html",
        "store_number": "004699",
        "store_location": "https://www.google.com/maps/dir/?api=1&destination=43.1630539377463,-76.23560969533173"
      },
      {
        "store_page_url": "https://locations.tacobell.com/ny/liverpool/1055-7th-north-street.html",
        "store_number": "G135344",
        "store_location": "https://www.google.com/maps/dir/?api=1&destination=43.10053572525529,-76.18619836034547"
      }
    ]
  },
  {
    "county_name": "Lockport (1)",
    "county_url": "https://locations.tacobell.com/ny/lockport",
    "stores": [
      {
        "store_page_url": "https://locations.tacobell.com/ny/lockport/5802-s-transit-rd.html",
        "store_number": "039998",
        "store_location": "https://www.google.com/maps/dir/?api=1&destination=43.14298457930473,-78.6976780756534"
      }
    ]
  },
  {
    "county_name": "Long Beach (1)",
    "county_url": "https://locations.tacobell.com/ny/long-beach",
    "stores": [
      {
        "store_page_url": "https://locations.tacobell.com/ny/long-beach/555-long-beach-boulevard.html",
        "store_number": "C160021",
        "store_location": "https://www.google.com/maps/dir/?api=1&destination=40.59128444051823,-73.6580080817304"
      }
    ]
  },
  {
    "county_name": "Long Island (1)",
    "county_url": "https://locations.tacobell.com/ny/long-island",
    "stores": []
  },
  {
    "county_name": "Lynbrook (1)",
    "county_url": "https://locations.tacobell.com/ny/lynbrook",
    "stores": [
      {
        "store_page_url": "https://locations.tacobell.com/ny/lynbrook/547-merrick-road.html",
        "store_number": "001648",
        "store_location": "https://www.google.com/maps/dir/?api=1&destination=40.660388659108584,-73.68205355534022"
      }
    ]
  },
  {
    "county_name": "Lyons (1)",
    "county_url": "https://locations.tacobell.com/ny/lyons",
    "stores": []
  },
  {
    "county_name": "Macedon (1)",
    "county_url": "https://locations.tacobell.com/ny/macedon",
    "stores": [
      {
        "store_page_url": "https://locations.tacobell.com/ny/macedon/337-pittsford-palmyra-rd-.html",
        "store_number": "035141",
        "store_location": "https://www.google.com/maps/dir/?api=1&destination=43.06505840533604,-77.36065482074667"
      }
    ]
  },
  {
    "county_name": "Malone (1)",
    "county_url": "https://locations.tacobell.com/ny/malone",
    "stores": [
      {
        "store_page_url": "https://locations.tacobell.com/ny/malone/3414-state-route-11.html",
        "store_number": "J580060",
        "store_location": "https://www.google.com/maps/dir/?api=1&destination=44.84838328590719,-74.31072645541377"
      }
    ]
  },
  {
    "county_name": "Manhattan (1)",
    "county_url": "https://locations.tacobell.com/ny/manhattan",
    "stores": [
      {
        "store_page_url": "https://locations.tacobell.com/ny/manhattan/1503-lexington-ave.html",
        "store_number": "029968",
        "store_location": "https://www.google.com/maps/dir/?api=1&destination=40.78659053503455,-73.95017016325893"
      }
    ]
  },
  {
    "county_name": "Manlius (1)",
    "county_url": "https://locations.tacobell.com/ny/manlius",
    "stores": []
  },
  {
    "county_name": "Massena (1)",
    "county_url": "https://locations.tacobell.com/ny/massena",
    "stores": [
      {
        "store_page_url": "https://locations.tacobell.com/ny/massena/1602-state-highway-37.html",
        "store_number": "015717",
        "store_location": "https://www.google.com/maps/dir/?api=1&destination=44.95026273035448,-74.84436159652621"
      }
    ]
  },
  {
    "county_name": "Melville (1)",
    "county_url": "https://locations.tacobell.com/ny/melville",
    "stores": [
      {
        "store_page_url": "https://locations.tacobell.com/ny/melville/540-walt-whitman-rd.html",
        "store_number": "037156",
        "store_location": "https://www.google.com/maps/dir/?api=1&destination=40.81041582782237,-73.40904480767031"
      }
    ]
  },
  {
    "county_name": "Merrick (1)",
    "county_url": "https://locations.tacobell.com/ny/merrick",
    "stores": [
      {
        "store_page_url": "https://locations.tacobell.com/ny/merrick/1709-merrick-rd.html",
        "store_number": "003179",
        "store_location": "https://www.google.com/maps/dir/?api=1&destination=40.65412214484542,-73.55895752944762"
      }
    ]
  },
  {
    "county_name": "Middle Village (1)",
    "county_url": "https://locations.tacobell.com/ny/middle-village",
    "stores": [
      {
        "store_page_url": "https://locations.tacobell.com/ny/middle-village/61-22h-fresh-pond-road.html",
        "store_number": "037525",
        "store_location": "https://www.google.com/maps/dir/?api=1&destination=40.71368323352599,-73.90140968095892"
      }
    ]
  },
  {
    "county_name": "Middletown (2)",
    "county_url": "https://locations.tacobell.com/ny/middletown",
    "stores": [
      {
        "store_page_url": "https://locations.tacobell.com/ny/middletown/492-route-211-east.html",
        "store_number": "039107",
        "store_location": "https://www.google.com/maps/dir/?api=1&destination=41.456564278738895,-74.37957067789284"
      },
      {
        "store_page_url": "https://locations.tacobell.com/ny/middletown/221-dolson-ave.html",
        "store_number": "004069",
        "store_location": "https://www.google.com/maps/dir/?api=1&destination=41.425028800449844,-74.42822554710801"
      }
    ]
  },
  {
    "county_name": "Mohegan Lake (1)",
    "county_url": "https://locations.tacobell.com/ny/mohegan-lake",
    "stores": [
      {
        "store_page_url": "https://locations.tacobell.com/ny/mohegan-lake/3571-mohegan-avenue.html",
        "store_number": "037289",
        "store_location": "https://www.google.com/maps/dir/?api=1&destination=41.32202926295881,-73.85382450952454"
      }
    ]
  },
  {
    "county_name": "Monroe (1)",
    "county_url": "https://locations.tacobell.com/ny/monroe",
    "stores": [
      {
        "store_page_url": "https://locations.tacobell.com/ny/monroe/330-larkin-drive.html",
        "store_number": "C501001",
        "store_location": "https://www.google.com/maps/dir/?api=1&destination=41.3195296,-74.1482792"
      }
    ]
  },
  {
    "county_name": "Montgomery (1)",
    "county_url": "https://locations.tacobell.com/ny/montgomery",
    "stores": [
      {
        "store_page_url": "https://locations.tacobell.com/ny/montgomery/2095-route-208.html",
        "store_number": "041274",
        "store_location": "https://www.google.com/maps/dir/?api=1&destination=41.51523608206587,-74.2083515931991"
      }
    ]
  },
  {
    "county_name": "Monticello (1)",
    "county_url": "https://locations.tacobell.com/ny/monticello",
    "stores": [
      {
        "store_page_url": "https://locations.tacobell.com/ny/monticello/4370-ny-42.html",
        "store_number": "036375",
        "store_location": "https://www.google.com/maps/dir/?api=1&destination=41.66799303527737,-74.67497334921266"
      }
    ]
  },
  {
    "county_name": "Nanuet (1)",
    "county_url": "https://locations.tacobell.com/ny/nanuet",
    "stores": [
      {
        "store_page_url": "https://locations.tacobell.com/ny/nanuet/286-west-route-59.html",
        "store_number": "K250018",
        "store_location": "https://www.google.com/maps/dir/?api=1&destination=41.101549736866005,-74.02464160326417"
      }
    ]
  },
  {
    "county_name": "New Hartford (1)",
    "county_url": "https://locations.tacobell.com/ny/new-hartford",
    "stores": [
      {
        "store_page_url": "https://locations.tacobell.com/ny/new-hartford/8561-seneca-turnpike.html",
        "store_number": "037831",
        "store_location": "https://www.google.com/maps/dir/?api=1&destination=43.079199201133626,-75.31527141062321"
      }
    ]
  },
  {
    "county_name": "New Hyde Park (1)",
    "county_url": "https://locations.tacobell.com/ny/new-hyde-park",
    "stores": [
      {
        "store_page_url": "https://locations.tacobell.com/ny/new-hyde-park/1650-jericho-turnpike.html",
        "store_number": "003180",
        "store_location": "https://www.google.com/maps/dir/?api=1&destination=40.733738990125026,-73.67865280063597"
      }
    ]
  },
  {
    "county_name": "New Rochelle (1)",
    "county_url": "https://locations.tacobell.com/ny/new-rochelle",
    "stores": [
      {
        "store_page_url": "https://locations.tacobell.com/ny/new-rochelle/329-main-st.html",
        "store_number": "039961",
        "store_location": "https://www.google.com/maps/dir/?api=1&destination=40.91286638361039,-73.77573797110017"
      }
    ]
  },
  {
    "county_name": "New Windsor (1)",
    "county_url": "https://locations.tacobell.com/ny/new-windsor",
    "stores": [
      {
        "store_page_url": "https://locations.tacobell.com/ny/new-windsor/376-windsor-highway.html",
        "store_number": "037085",
        "store_location": "https://www.google.com/maps/dir/?api=1&destination=41.45880953576493,-74.05515537253805"
      }
    ]
  },
  {
    "county_name": "New York (26)",
    "county_url": "https://locations.tacobell.com/ny/new-york",
    "stores": [
      {
        "store_page_url": "https://locations.tacobell.com/ny/new-york/1351-st--nicholas-ave-.html",
        "store_number": "032185",
        "store_location": "https://www.google.com/maps/dir/?api=1&destination=40.847176972943714,-73.93560729458841"
      },
      {
        "store_page_url": "https://locations.tacobell.com/ny/new-york/230-varick-street.html",
        "store_number": "035828",
        "store_location": "https://www.google.com/maps/dir/?api=1&destination=40.729173,-74.005015"
      },
      {
        "store_page_url": "https://locations.tacobell.com/ny/new-york/240-west-40th-st.html",
        "store_number": "040499",
        "store_location": "https://www.google.com/maps/dir/?api=1&destination=40.755288424152035,-73.98945085295563"
      },
      {
        "store_page_url": "https://locations.tacobell.com/ny/new-york/1843-1st-ave.html",
        "store_number": "041852",
        "store_location": "https://www.google.com/maps/dir/?api=1&destination=40.7828764836163,-73.94532976268749"
      },
      {
        "store_page_url": "https://locations.tacobell.com/ny/new-york/321-1st-avenue.html",
        "store_number": "034298",
        "store_location": "https://www.google.com/maps/dir/?api=1&destination=40.73426473770951,-73.98074499963467"
      },
      {
        "store_page_url": "https://locations.tacobell.com/ny/new-york/173-e--116th-street.html",
        "store_number": "020816",
        "store_location": "https://www.google.com/maps/dir/?api=1&destination=40.7984351045701,-73.94057474540367"
      },
      {
        "store_page_url": "https://locations.tacobell.com/ny/new-york/545-6th-ave.html",
        "store_number": "040461",
        "store_location": "https://www.google.com/maps/dir/?api=1&destination=40.737938736089966,-73.99677289625586"
      },
      {
        "store_page_url": "https://locations.tacobell.com/ny/new-york/840-8th-ave.html",
        "store_number": "034273",
        "store_location": "https://www.google.com/maps/dir/?api=1&destination=40.7624,-73.9854"
      },
      {
        "store_page_url": "https://locations.tacobell.com/ny/new-york/24-east-23rd-street.html",
        "store_number": "040168",
        "store_location": "https://www.google.com/maps/dir/?api=1&destination=40.740632815610695,-73.98796983673618"
      },
      {
        "store_page_url": "https://locations.tacobell.com/ny/new-york/18-e--14th-street.html",
        "store_number": "026014",
        "store_location": "https://www.google.com/maps/dir/?api=1&destination=40.735451543614744,-73.99277593435569"
      },
      {
        "store_page_url": "https://locations.tacobell.com/ny/new-york/161-east-125th-st.html",
        "store_number": "036927",
        "store_location": "https://www.google.com/maps/dir/?api=1&destination=40.8041,-73.9363"
      },
      {
        "store_page_url": "https://locations.tacobell.com/ny/new-york/976-6th-ave.html",
        "store_number": "036012",
        "store_location": "https://www.google.com/maps/dir/?api=1&destination=40.750907242765024,-73.98673487993365"
      },
      {
        "store_page_url": "https://locations.tacobell.com/ny/new-york/224-7th-ave.html",
        "store_number": "034646",
        "store_location": "https://www.google.com/maps/dir/?api=1&destination=40.7444,-73.9958"
      },
      {
        "store_page_url": "https://locations.tacobell.com/ny/new-york/1501-broadway.html",
        "store_number": "036757",
        "store_location": "https://www.google.com/maps/dir/?api=1&destination=40.75720615042495,-73.98659208172909"
      },
      {
        "store_page_url": "https://locations.tacobell.com/ny/new-york/104-3rd-ave.html",
        "store_number": "039621",
        "store_location": "https://www.google.com/maps/dir/?api=1&destination=40.73260067913551,-73.98797055219426"
      },
      {
        "store_page_url": "https://locations.tacobell.com/ny/new-york/1614-2nd-avenue.html",
        "store_number": "035896",
        "store_location": "https://www.google.com/maps/dir/?api=1&destination=40.776311888569296,-73.95263852392519"
      },
      {
        "store_page_url": "https://locations.tacobell.com/ny/new-york/1266-1st-ave.html",
        "store_number": "036773",
        "store_location": "https://www.google.com/maps/dir/?api=1&destination=40.7652858448476,-73.95755210552255"
      },
      {
        "store_page_url": "https://locations.tacobell.com/ny/new-york/246-e-23rd-st.html",
        "store_number": "036026",
        "store_location": "https://www.google.com/maps/dir/?api=1&destination=40.737924,-73.981477"
      },
      {
        "store_page_url": "https://locations.tacobell.com/ny/new-york/58a-fulton-street.html",
        "store_number": "035336",
        "store_location": "https://www.google.com/maps/dir/?api=1&destination=40.70847127284533,-74.00504528587913"
      },
      {
        "store_page_url": "https://locations.tacobell.com/ny/new-york/390-8th-avenue.html",
        "store_number": "027767",
        "store_location": "https://www.google.com/maps/dir/?api=1&destination=40.74928791307663,-73.9952826147499"
      },
      {
        "store_page_url": "https://locations.tacobell.com/ny/new-york/3924-broadway.html",
        "store_number": "038758",
        "store_location": "https://www.google.com/maps/dir/?api=1&destination=40.83865506131583,-73.94110877670383"
      },
      {
        "store_page_url": "https://locations.tacobell.com/ny/new-york/500-8th-avenue.html",
        "store_number": "034922",
        "store_location": "https://www.google.com/maps/dir/?api=1&destination=40.7529449,-73.9926834"
      },
      {
        "store_page_url": "https://locations.tacobell.com/ny/new-york/3427-broadway.html",
        "store_number": "040381",
        "store_location": "https://www.google.com/maps/dir/?api=1&destination=40.8233,-73.9531"
      },
      {
        "store_page_url": "https://locations.tacobell.com/ny/new-york/707-lexington-ave.html",
        "store_number": "036708",
        "store_location": "https://www.google.com/maps/dir/?api=1&destination=40.76106882287041,-73.96878811804183"
      },
      {
        "store_page_url": "https://locations.tacobell.com/ny/new-york/175-dyckman-street.html",
        "store_number": "035416",
        "store_location": "https://www.google.com/maps/dir/?api=1&destination=40.86429248720709,-73.92606473960909"
      },
      {
        "store_page_url": "https://locations.tacobell.com/ny/new-york/1868-3rd-ave.html",
        "store_number": "042237",
        "store_location": "https://www.google.com/maps/dir/?api=1&destination=40.7898669212316,-73.94629680220903"
      }
    ]
  },
  {
    "county_name": "Newark (1)",
    "county_url": "https://locations.tacobell.com/ny/newark",
    "stores": [
      {
        "store_page_url": "https://locations.tacobell.com/ny/newark/110-mason-street.html",
        "store_number": "041652",
        "store_location": "https://www.google.com/maps/dir/?api=1&destination=43.046182767592356,-77.09656327916974"
      }
    ]
  },
  {
    "county_name": "Newburgh (1)",
    "county_url": "https://locations.tacobell.com/ny/newburgh",
    "stores": [
      {
        "store_page_url": "https://locations.tacobell.com/ny/newburgh/1412-route-300.html",
        "store_number": "039098",
        "store_location": "https://www.google.com/maps/dir/?api=1&destination=41.52122011673639,-74.06999668165619"
      }
    ]
  },
  {
    "county_name": "Niagara Falls (1)",
    "county_url": "https://locations.tacobell.com/ny/niagara-falls",
    "stores": [
      {
        "store_page_url": "https://locations.tacobell.com/ny/niagara-falls/7300-niagara-falls-blvd.html",
        "store_number": "039997",
        "store_location": "https://www.google.com/maps/dir/?api=1&destination=43.08833117854449,-78.98066461086273"
      }
    ]
  },
  {
    "county_name": "North Babylon (1)",
    "county_url": "https://locations.tacobell.com/ny/north-babylon",
    "stores": [
      {
        "store_page_url": "https://locations.tacobell.com/ny/north-babylon/1245-deer-park-ave.html",
        "store_number": "002616",
        "store_location": "https://www.google.com/maps/dir/?api=1&destination=40.738284938816506,-73.31999927759176"
      }
    ]
  },
  {
    "county_name": "North Syracuse (1)",
    "county_url": "https://locations.tacobell.com/ny/north-syracuse",
    "stores": [
      {
        "store_page_url": "https://locations.tacobell.com/ny/north-syracuse/3716-brewerton-road.html",
        "store_number": "004801",
        "store_location": "https://www.google.com/maps/dir/?api=1&destination=43.11671767813783,-76.14440559293143"
      }
    ]
  },
  {
    "county_name": "North Tonawanda (1)",
    "county_url": "https://locations.tacobell.com/ny/north-tonawanda",
    "stores": [
      {
        "store_page_url": "https://locations.tacobell.com/ny/north-tonawanda/856-niagara-falls-blvd.html",
        "store_number": "040328",
        "store_location": "https://www.google.com/maps/dir/?api=1&destination=43.05993244254903,-78.84045391289148"
      }
    ]
  },
  {
    "county_name": "Norwich (1)",
    "county_url": "https://locations.tacobell.com/ny/norwich",
    "stores": [
      {
        "store_page_url": "https://locations.tacobell.com/ny/norwich/5412-ny-state-route-12.html",
        "store_number": "K273009",
        "store_location": "https://www.google.com/maps/dir/?api=1&destination=42.49890059574716,-75.52755383541808"
      }
    ]
  },
  {
    "county_name": "Oceanside (1)",
    "county_url": "https://locations.tacobell.com/ny/oceanside",
    "stores": [
      {
        "store_page_url": "https://locations.tacobell.com/ny/oceanside/3076-long-beach-road.html",
        "store_number": "001746",
        "store_location": "https://www.google.com/maps/dir/?api=1&destination=40.63705976846429,-73.6406118616414"
      }
    ]
  },
  {
    "county_name": "Ogdensburg (1)",
    "county_url": "https://locations.tacobell.com/ny/ogdensburg",
    "stores": [
      {
        "store_page_url": "https://locations.tacobell.com/ny/ogdensburg/2979-ford-street-extension.html",
        "store_number": "039153",
        "store_location": "https://www.google.com/maps/dir/?api=1&destination=44.7056,-75.459"
      }
    ]
  },
  {
    "county_name": "Olean (1)",
    "county_url": "https://locations.tacobell.com/ny/olean",
    "stores": [
      {
        "store_page_url": "https://locations.tacobell.com/ny/olean/913-w--state-street.html",
        "store_number": "G135890",
        "store_location": "https://www.google.com/maps/dir/?api=1&destination=42.077191571817465,-78.44026923179632"
      }
    ]
  },
  {
    "county_name": "Oneida (1)",
    "county_url": "https://locations.tacobell.com/ny/oneida",
    "stores": [
      {
        "store_page_url": "https://locations.tacobell.com/ny/oneida/1038-glenwood-ave-.html",
        "store_number": "026364",
        "store_location": "https://www.google.com/maps/dir/?api=1&destination=43.077916221183784,-75.64199030399323"
      }
    ]
  },
  {
    "county_name": "Oneonta (1)",
    "county_url": "https://locations.tacobell.com/ny/oneonta",
    "stores": [
      {
        "store_page_url": "https://locations.tacobell.com/ny/oneonta/732-state-highway-28.html",
        "store_number": "026365",
        "store_location": "https://www.google.com/maps/dir/?api=1&destination=42.44629848153074,-75.05410567672698"
      }
    ]
  },
  {
    "county_name": "Orchard Park (1)",
    "county_url": "https://locations.tacobell.com/ny/orchard-park",
    "stores": [
      {
        "store_page_url": "https://locations.tacobell.com/ny/orchard-park/3175-orchard-park.html",
        "store_number": "039999",
        "store_location": "https://www.google.com/maps/dir/?api=1&destination=42.79875450895624,-78.75099737943856"
      }
    ]
  },
  {
    "county_name": "Oswego (1)",
    "county_url": "https://locations.tacobell.com/ny/oswego",
    "stores": [
      {
        "store_page_url": "https://locations.tacobell.com/ny/oswego/147-george-street.html",
        "store_number": "034826",
        "store_location": "https://www.google.com/maps/dir/?api=1&destination=43.46133409319033,-76.48476859373505"
      }
    ]
  },
  {
    "county_name": "Owego (1)",
    "county_url": "https://locations.tacobell.com/ny/owego",
    "stores": []
  },
  {
    "county_name": "Painted Post (1)",
    "county_url": "https://locations.tacobell.com/ny/painted-post",
    "stores": [
      {
        "store_page_url": "https://locations.tacobell.com/ny/painted-post/3135-silverback-lane.html",
        "store_number": "029470",
        "store_location": "https://www.google.com/maps/dir/?api=1&destination=42.153814306378294,-77.10424223428647"
      }
    ]
  },
  {
    "county_name": "Patchogue (1)",
    "county_url": "https://locations.tacobell.com/ny/patchogue",
    "stores": [
      {
        "store_page_url": "https://locations.tacobell.com/ny/patchogue/174-medford-avenue.html",
        "store_number": "020863",
        "store_location": "https://www.google.com/maps/dir/?api=1&destination=40.77264979650934,-73.00805546344691"
      }
    ]
  },
  {
    "county_name": "Penn Yan (1)",
    "county_url": "https://locations.tacobell.com/ny/penn-yan",
    "stores": [
      {
        "store_page_url": "https://locations.tacobell.com/ny/penn-yan/212-lake-st.html",
        "store_number": "030543",
        "store_location": "https://www.google.com/maps/dir/?api=1&destination=42.655626557144885,-77.05596096348927"
      }
    ]
  },
  {
    "county_name": "Plattsburgh (1)",
    "county_url": "https://locations.tacobell.com/ny/plattsburgh",
    "stores": [
      {
        "store_page_url": "https://locations.tacobell.com/ny/plattsburgh/367-cornelia-street.html",
        "store_number": "027030",
        "store_location": "https://www.google.com/maps/dir/?api=1&destination=44.69667752083952,-73.48421312819836"
      }
    ]
  },
  {
    "county_name": "Port Chester (1)",
    "county_url": "https://locations.tacobell.com/ny/port-chester",
    "stores": [
      {
        "store_page_url": "https://locations.tacobell.com/ny/port-chester/303-boston-post-rd.html",
        "store_number": "030544",
        "store_location": "https://www.google.com/maps/dir/?api=1&destination=40.99560582518157,-73.67103257778581"
      }
    ]
  },
  {
    "county_name": "Port Jefferson Station (1)",
    "county_url": "https://locations.tacobell.com/ny/port-jefferson-station",
    "stores": [
      {
        "store_page_url": "https://locations.tacobell.com/ny/port-jefferson-station/4833-nesconset-hwy.html",
        "store_number": "002698",
        "store_location": "https://www.google.com/maps/dir/?api=1&destination=40.91868918526406,-73.05247843265533"
      }
    ]
  },
  {
    "county_name": "Potsdam (1)",
    "county_url": "https://locations.tacobell.com/ny/potsdam",
    "stores": [
      {
        "store_page_url": "https://locations.tacobell.com/ny/potsdam/153-market-street.html",
        "store_number": "033619",
        "store_location": "https://www.google.com/maps/dir/?api=1&destination=44.681210495341716,-74.98736624044649"
      }
    ]
  },
  {
    "county_name": "Poughkeepsie (3)",
    "county_url": "https://locations.tacobell.com/ny/poughkeepsie",
    "stores": [
      {
        "store_page_url": "https://locations.tacobell.com/ny/poughkeepsie/755-main-street.html",
        "store_number": "039079",
        "store_location": "https://www.google.com/maps/dir/?api=1&destination=41.696864990773925,-73.90390897012618"
      },
      {
        "store_page_url": "https://locations.tacobell.com/ny/poughkeepsie/2001-south-road-f103.html",
        "store_number": "026331",
        "store_location": "https://www.google.com/maps/dir/?api=1&destination=41.6263547505,-73.9200700183"
      },
      {
        "store_page_url": "https://locations.tacobell.com/ny/poughkeepsie/2277-south-rd-(route-9).html",
        "store_number": "039532",
        "store_location": "https://www.google.com/maps/dir/?api=1&destination=41.64468929763088,-73.92333545233926"
      }
    ]
  },
  {
    "county_name": "Queensbury (3)",
    "county_url": "https://locations.tacobell.com/ny/queensbury",
    "stores": [
      {
        "store_page_url": "https://locations.tacobell.com/ny/queensbury/741-upper-glen-st-.html",
        "store_number": "026355",
        "store_location": "https://www.google.com/maps/dir/?api=1&destination=43.32844136025438,-73.67036384086201"
      },
      {
        "store_page_url": "https://locations.tacobell.com/ny/queensbury/199-corinth-road.html",
        "store_number": "028290",
        "store_location": "https://www.google.com/maps/dir/?api=1&destination=43.29687550357451,-73.68103676714261"
      },
      {
        "store_page_url": "https://locations.tacobell.com/ny/queensbury/355-dix-ave.html",
        "store_number": "041159",
        "store_location": "https://www.google.com/maps/dir/?api=1&destination=43.314872876236734,-73.61006531175522"
      }
    ]
  },
  {
    "county_name": "Rego Park (1)",
    "county_url": "https://locations.tacobell.com/ny/rego-park",
    "stores": [
      {
        "store_page_url": "https://locations.tacobell.com/ny/rego-park/9506-63rd-drive.html",
        "store_number": "036317",
        "store_location": "https://www.google.com/maps/dir/?api=1&destination=40.72940057187033,-73.8624363824434"
      }
    ]
  },
  {
    "county_name": "Rensselaer (1)",
    "county_url": "https://locations.tacobell.com/ny/rensselaer",
    "stores": [
      {
        "store_page_url": "https://locations.tacobell.com/ny/rensselaer/563-north-greenbush-road.html",
        "store_number": "031566",
        "store_location": "https://www.google.com/maps/dir/?api=1&destination=42.64958581897749,-73.69642229568548"
      }
    ]
  },
  {
    "county_name": "Ridge (1)",
    "county_url": "https://locations.tacobell.com/ny/ridge",
    "stores": [
      {
        "store_page_url": "https://locations.tacobell.com/ny/ridge/1750-middle-country-rd.html",
        "store_number": "039951",
        "store_location": "https://www.google.com/maps/dir/?api=1&destination=40.891830869291354,-72.89975345134735"
      }
    ]
  },
  {
    "county_name": "Ridgewood (1)",
    "county_url": "https://locations.tacobell.com/ny/ridgewood",
    "stores": [
      {
        "store_page_url": "https://locations.tacobell.com/ny/ridgewood/57-17-myrtle-ave.html",
        "store_number": "039957",
        "store_location": "https://www.google.com/maps/dir/?api=1&destination=40.7006839920179,-73.90258168514532"
      }
    ]
  },
  {
    "county_name": "Riverhead (1)",
    "county_url": "https://locations.tacobell.com/ny/riverhead",
    "stores": [
      {
        "store_page_url": "https://locations.tacobell.com/ny/riverhead/1220-old-country-rd.html",
        "store_number": "009509",
        "store_location": "https://www.google.com/maps/dir/?api=1&destination=40.93008496011669,-72.6818260311366"
      }
    ]
  },
  {
    "county_name": "Rochester (10)",
    "county_url": "https://locations.tacobell.com/ny/rochester",
    "stores": [
      {
        "store_page_url": "https://locations.tacobell.com/ny/rochester/950-jefferson-rd.html",
        "store_number": "005677",
        "store_location": "https://www.google.com/maps/dir/?api=1&destination=43.08775415728305,-77.61102084299557"
      },
      {
        "store_page_url": "https://locations.tacobell.com/ny/rochester/910-elmridge-center-dr.html",
        "store_number": "004730",
        "store_location": "https://www.google.com/maps/dir/?api=1&destination=43.213961315608984,-77.725929915905"
      },
      {
        "store_page_url": "https://locations.tacobell.com/ny/rochester/3900-dewey-avenue.html",
        "store_number": "029386",
        "store_location": "https://www.google.com/maps/dir/?api=1&destination=43.241257878067756,-77.64647215604782"
      },
      {
        "store_page_url": "https://locations.tacobell.com/ny/rochester/2317-lyell-avenue.html",
        "store_number": "024797",
        "store_location": "https://www.google.com/maps/dir/?api=1&destination=43.16445160649051,-77.6906167074934"
      },
      {
        "store_page_url": "https://locations.tacobell.com/ny/rochester/1605-e--ridge-road.html",
        "store_number": "005781",
        "store_location": "https://www.google.com/maps/dir/?api=1&destination=43.19933048394306,-77.5744960418738"
      },
      {
        "store_page_url": "https://locations.tacobell.com/ny/rochester/1436-west-ridge-road.html",
        "store_number": "036411",
        "store_location": "https://www.google.com/maps/dir/?api=1&destination=43.2054692016002,-77.66486144898639"
      },
      {
        "store_page_url": "https://locations.tacobell.com/ny/rochester/3234-chili-ave.html",
        "store_number": "037045",
        "store_location": "https://www.google.com/maps/dir/?api=1&destination=43.10488779890743,-77.75136246640804"
      },
      {
        "store_page_url": "https://locations.tacobell.com/ny/rochester/1008-lehigh-station-road.html",
        "store_number": "037682",
        "store_location": "https://www.google.com/maps/dir/?api=1&destination=43.059224281740256,-77.64388576380634"
      },
      {
        "store_page_url": "https://locations.tacobell.com/ny/rochester/358-lake-avenue.html",
        "store_number": "040388",
        "store_location": "https://www.google.com/maps/dir/?api=1&destination=43.1712865,-77.62734669999999"
      },
      {
        "store_page_url": "https://locations.tacobell.com/ny/rochester/1737-mount-hope-avenue.html",
        "store_number": "040312",
        "store_location": "https://www.google.com/maps/dir/?api=1&destination=43.11633040450183,-77.62199810934177"
      }
    ]
  },
  {
    "county_name": "Rockville Centre (1)",
    "county_url": "https://locations.tacobell.com/ny/rockville-centre",
    "stores": [
      {
        "store_page_url": "https://locations.tacobell.com/ny/rockville-centre/570-sunrise-highway.html",
        "store_number": "003176",
        "store_location": "https://www.google.com/maps/dir/?api=1&destination=40.65683419100899,-73.63132059574127"
      }
    ]
  },
  {
    "county_name": "Rome (1)",
    "county_url": "https://locations.tacobell.com/ny/rome",
    "stores": [
      {
        "store_page_url": "https://locations.tacobell.com/ny/rome/1164-erie-blvd-west.html",
        "store_number": "016099",
        "store_location": "https://www.google.com/maps/dir/?api=1&destination=43.225415686241206,-75.48612691467491"
      }
    ]
  },
  {
    "county_name": "Ronkonkoma (1)",
    "county_url": "https://locations.tacobell.com/ny/ronkonkoma",
    "stores": [
      {
        "store_page_url": "https://locations.tacobell.com/ny/ronkonkoma/360-portion-road.html",
        "store_number": "017554",
        "store_location": "https://www.google.com/maps/dir/?api=1&destination=40.82821835463595,-73.09826240027209"
      }
    ]
  },
  {
    "county_name": "Saratoga Springs (1)",
    "county_url": "https://locations.tacobell.com/ny/saratoga-springs",
    "stores": [
      {
        "store_page_url": "https://locations.tacobell.com/ny/saratoga-springs/3012-route-50.html",
        "store_number": "026360",
        "store_location": "https://www.google.com/maps/dir/?api=1&destination=43.099631553959,-73.74905750155449"
      }
    ]
  },
  {
    "county_name": "Schenectady (2)",
    "county_url": "https://locations.tacobell.com/ny/schenectady",
    "stores": [
      {
        "store_page_url": "https://locations.tacobell.com/ny/schenectady/1417-altamont-ave.html",
        "store_number": "026352",
        "store_location": "https://www.google.com/maps/dir/?api=1&destination=42.78507087088499,-73.94565537571907"
      },
      {
        "store_page_url": "https://locations.tacobell.com/ny/schenectady/2035-state-street.html",
        "store_number": "042073",
        "store_location": "https://www.google.com/maps/dir/?api=1&destination=42.77496759172982,-73.89739798824434"
      }
    ]
  },
  {
    "county_name": "Seaford (1)",
    "county_url": "https://locations.tacobell.com/ny/seaford",
    "stores": [
      {
        "store_page_url": "https://locations.tacobell.com/ny/seaford/3950-sunrise-hwy.html",
        "store_number": "003203",
        "store_location": "https://www.google.com/maps/dir/?api=1&destination=40.67449838979666,-73.48658785970656"
      }
    ]
  },
  {
    "county_name": "Selden (1)",
    "county_url": "https://locations.tacobell.com/ny/selden",
    "stores": [
      {
        "store_page_url": "https://locations.tacobell.com/ny/selden/1314-middle-country-rd.html",
        "store_number": "039949",
        "store_location": "https://www.google.com/maps/dir/?api=1&destination=40.86172215078185,-73.0588380994073"
      }
    ]
  },
  {
    "county_name": "Shirley (1)",
    "county_url": "https://locations.tacobell.com/ny/shirley",
    "stores": [
      {
        "store_page_url": "https://locations.tacobell.com/ny/shirley/551-william-floyd-parkway.html",
        "store_number": "004006",
        "store_location": "https://www.google.com/maps/dir/?api=1&destination=40.800252711602155,-72.86608234047884"
      }
    ]
  },
  {
    "county_name": "Smithtown (1)",
    "county_url": "https://locations.tacobell.com/ny/smithtown",
    "stores": [
      {
        "store_page_url": "https://locations.tacobell.com/ny/smithtown/773-smithtown-bypass.html",
        "store_number": "005469",
        "store_location": "https://www.google.com/maps/dir/?api=1&destination=40.85114632121305,-73.15948370567789"
      }
    ]
  },
  {
    "county_name": "Springville (1)",
    "county_url": "https://locations.tacobell.com/ny/springville",
    "stores": [
      {
        "store_page_url": "https://locations.tacobell.com/ny/springville/297-south-cascade-drive.html",
        "store_number": "G135887",
        "store_location": "https://www.google.com/maps/dir/?api=1&destination=42.50103473214653,-78.69029763973546"
      }
    ]
  },
  {
    "county_name": "Staten Island (6)",
    "county_url": "https://locations.tacobell.com/ny/staten-island",
    "stores": [
      {
        "store_page_url": "https://locations.tacobell.com/ny/staten-island/1281-forest-ave.html",
        "store_number": "036304",
        "store_location": "https://www.google.com/maps/dir/?api=1&destination=40.62675427123967,-74.13236614570084"
      },
      {
        "store_page_url": "https://locations.tacobell.com/ny/staten-island/2655-richmond-ave.html",
        "store_number": "035261",
        "store_location": "https://www.google.com/maps/dir/?api=1&destination=40.58119917422238,-74.16476754945661"
      },
      {
        "store_page_url": "https://locations.tacobell.com/ny/staten-island/2475-hylan-blvd.html",
        "store_number": "039541",
        "store_location": "https://www.google.com/maps/dir/?api=1&destination=40.57098724537028,-74.1096690563654"
      },
      {
        "store_page_url": "https://locations.tacobell.com/ny/staten-island/2259-richmond-avenue.html",
        "store_number": "039542",
        "store_location": "https://www.google.com/maps/dir/?api=1&destination=40.592112385107335,-74.16326016188872"
      },
      {
        "store_page_url": "https://locations.tacobell.com/ny/staten-island/429-tompkins-ave.html",
        "store_number": "039533",
        "store_location": "https://www.google.com/maps/dir/?api=1&destination=40.61588913813116,-74.07188228344974"
      },
      {
        "store_page_url": "https://locations.tacobell.com/ny/staten-island/245-page-age.html",
        "store_number": "040567",
        "store_location": "https://www.google.com/maps/dir/?api=1&destination=40.543093502016724,-74.17403694939259"
      }
    ]
  },
  {
    "county_name": "Syracuse (6)",
    "county_url": "https://locations.tacobell.com/ny/syracuse",
    "stores": [
      {
        "store_page_url": "https://locations.tacobell.com/ny/syracuse/4743-onondaga-blvd.html",
        "store_number": "032586",
        "store_location": "https://www.google.com/maps/dir/?api=1&destination=43.0337542728402,-76.1891152951952"
      },
      {
        "store_page_url": "https://locations.tacobell.com/ny/syracuse/3500-w-genesee-st.html",
        "store_number": "004541",
        "store_location": "https://www.google.com/maps/dir/?api=1&destination=43.04876060358244,-76.23118567052228"
      },
      {
        "store_page_url": "https://locations.tacobell.com/ny/syracuse/3179-erie-blvd-east.html",
        "store_number": "004190",
        "store_location": "https://www.google.com/maps/dir/?api=1&destination=43.05411048893714,-76.07469275615586"
      },
      {
        "store_page_url": "https://locations.tacobell.com/ny/syracuse/6463-thompson-road.html",
        "store_number": "037316",
        "store_location": "https://www.google.com/maps/dir/?api=1&destination=43.083345,-76.093212"
      },
      {
        "store_page_url": "https://locations.tacobell.com/ny/syracuse/9090-carousel-center-drive.html",
        "store_number": "017483",
        "store_location": "https://www.google.com/maps/dir/?api=1&destination=43.068310005088556,-76.1717626887899"
      },
      {
        "store_page_url": "https://locations.tacobell.com/ny/syracuse/962-e--brighton-ave.html",
        "store_number": "040313",
        "store_location": "https://www.google.com/maps/dir/?api=1&destination=43.002553,-76.13041"
      }
    ]
  },
  {
    "county_name": "Tonawanda (1)",
    "county_url": "https://locations.tacobell.com/ny/tonawanda",
    "stores": [
      {
        "store_page_url": "https://locations.tacobell.com/ny/tonawanda/810-young-st.html",
        "store_number": "041047",
        "store_location": "https://www.google.com/maps/dir/?api=1&destination=43.003215,-78.857703"
      }
    ]
  },
  {
    "county_name": "Troy (2)",
    "county_url": "https://locations.tacobell.com/ny/troy",
    "stores": [
      {
        "store_page_url": "https://locations.tacobell.com/ny/troy/60-vandenburgh-ave-.html",
        "store_number": "026350",
        "store_location": "https://www.google.com/maps/dir/?api=1&destination=42.70004538851281,-73.68854347441432"
      },
      {
        "store_page_url": "https://locations.tacobell.com/ny/troy/720-hoosick-road.html",
        "store_number": "035833",
        "store_location": "https://www.google.com/maps/dir/?api=1&destination=42.743235411509666,-73.64529175228945"
      }
    ]
  },
  {
    "county_name": "Utica (1)",
    "county_url": "https://locations.tacobell.com/ny/utica",
    "stores": [
      {
        "store_page_url": "https://locations.tacobell.com/ny/utica/136-north-genesee-street.html",
        "store_number": "016245",
        "store_location": "https://www.google.com/maps/dir/?api=1&destination=43.108141546706605,-75.21970646829232"
      }
    ]
  },
  {
    "county_name": "Vestal (1)",
    "county_url": "https://locations.tacobell.com/ny/vestal",
    "stores": [
      {
        "store_page_url": "https://locations.tacobell.com/ny/vestal/2507-vestal-pkwy-east.html",
        "store_number": "039055",
        "store_location": "https://www.google.com/maps/dir/?api=1&destination=42.0952927837266,-76.00875422358513"
      }
    ]
  },
  {
    "county_name": "Victor (1)",
    "county_url": "https://locations.tacobell.com/ny/victor",
    "stores": [
      {
        "store_page_url": "https://locations.tacobell.com/ny/victor/7457-ny-state-route-96.html",
        "store_number": "028367",
        "store_location": "https://www.google.com/maps/dir/?api=1&destination=43.00655792124738,-77.4440751225302"
      }
    ]
  },
  {
    "county_name": "Wantagh (1)",
    "county_url": "https://locations.tacobell.com/ny/wantagh",
    "stores": [
      {
        "store_page_url": "https://locations.tacobell.com/ny/wantagh/1260-wantagh-avenue.html",
        "store_number": "029529",
        "store_location": "https://www.google.com/maps/dir/?api=1&destination=40.69175767375663,-73.50848995154593"
      }
    ]
  },
  {
    "county_name": "Warsaw (1)",
    "county_url": "https://locations.tacobell.com/ny/warsaw",
    "stores": [
      {
        "store_page_url": "https://locations.tacobell.com/ny/warsaw/427-1/2-n-main-st.html",
        "store_number": "035883",
        "store_location": "https://www.google.com/maps/dir/?api=1&destination=42.75746380383892,-78.13183275494556"
      }
    ]
  },
  {
    "county_name": "Waterloo (1)",
    "county_url": "https://locations.tacobell.com/ny/waterloo",
    "stores": [
      {
        "store_page_url": "https://locations.tacobell.com/ny/waterloo/2430-route-414.html",
        "store_number": "G135346",
        "store_location": "https://www.google.com/maps/dir/?api=1&destination=42.9074728262243,-76.83736927671598"
      }
    ]
  },
  {
    "county_name": "Watertown (2)",
    "county_url": "https://locations.tacobell.com/ny/watertown",
    "stores": [
      {
        "store_page_url": "https://locations.tacobell.com/ny/watertown/945-arsenal-st.html",
        "store_number": "004025",
        "store_location": "https://www.google.com/maps/dir/?api=1&destination=43.97638532409241,-75.93249425915201"
      },
      {
        "store_page_url": "https://locations.tacobell.com/ny/watertown/514-540-state-street.html",
        "store_number": "041326",
        "store_location": "https://www.google.com/maps/dir/?api=1&destination=43.97271,-75.9032"
      }
    ]
  },
  {
    "county_name": "Webster (2)",
    "county_url": "https://locations.tacobell.com/ny/webster",
    "stores": [
      {
        "store_page_url": "https://locations.tacobell.com/ny/webster/925-hard-road.html",
        "store_number": "031754",
        "store_location": "https://www.google.com/maps/dir/?api=1&destination=43.2121202,-77.4619971"
      },
      {
        "store_page_url": "https://locations.tacobell.com/ny/webster/1820-empire-blvd.html",
        "store_number": "040480",
        "store_location": "https://www.google.com/maps/dir/?api=1&destination=43.18838,-77.50423"
      }
    ]
  },
  {
    "county_name": "Wellsville (1)",
    "county_url": "https://locations.tacobell.com/ny/wellsville",
    "stores": []
  },
  {
    "county_name": "West Haverstraw (1)",
    "county_url": "https://locations.tacobell.com/ny/west-haverstraw",
    "stores": [
      {
        "store_page_url": "https://locations.tacobell.com/ny/west-haverstraw/131-s-route-9w.html",
        "store_number": "039054",
        "store_location": "https://www.google.com/maps/dir/?api=1&destination=41.20042753359659,-73.98381442578278"
      }
    ]
  },
  {
    "county_name": "West Nyack (1)",
    "county_url": "https://locations.tacobell.com/ny/west-nyack",
    "stores": [
      {
        "store_page_url": "https://locations.tacobell.com/ny/west-nyack/1000-palisades-center-drive.html",
        "store_number": "026091",
        "store_location": "https://www.google.com/maps/dir/?api=1&destination=41.09729780995129,-73.95559536932538"
      }
    ]
  },
  {
    "county_name": "West Seneca (1)",
    "county_url": "https://locations.tacobell.com/ny/west-seneca",
    "stores": [
      {
        "store_page_url": "https://locations.tacobell.com/ny/west-seneca/1175-union-rd.html",
        "store_number": "040600",
        "store_location": "https://www.google.com/maps/dir/?api=1&destination=42.83239285095573,-78.75319559095553"
      }
    ]
  },
  {
    "county_name": "Westbury (1)",
    "county_url": "https://locations.tacobell.com/ny/westbury",
    "stores": [
      {
        "store_page_url": "https://locations.tacobell.com/ny/westbury/511-old-country-rd.html",
        "store_number": "027366",
        "store_location": "https://www.google.com/maps/dir/?api=1&destination=40.747139104875735,-73.59445631504065"
      }
    ]
  },
  {
    "county_name": "Woodhaven (1)",
    "county_url": "https://locations.tacobell.com/ny/woodhaven",
    "stores": [
      {
        "store_page_url": "https://locations.tacobell.com/ny/woodhaven/9701-atlantic-ave.html",
        "store_number": "039952",
        "store_location": "https://www.google.com/maps/dir/?api=1&destination=40.689349295724824,-73.84580610087141"
      }
    ]
  },
  {
    "county_name": "Woodside (1)",
    "county_url": "https://locations.tacobell.com/ny/woodside",
    "stores": [
      {
        "store_page_url": "https://locations.tacobell.com/ny/woodside/60-12-northern-blvd.html",
        "store_number": "039960",
        "store_location": "https://www.google.com/maps/dir/?api=1&destination=40.75358989827396,-73.9017782877615"
      }
    ]
  },
  {
    "county_name": "Yonkers (3)",
    "county_url": "https://locations.tacobell.com/ny/yonkers",
    "stores": [
      {
        "store_page_url": "https://locations.tacobell.com/ny/yonkers/1920-central-park-ave.html",
        "store_number": "039958",
        "store_location": "https://www.google.com/maps/dir/?api=1&destination=40.96407421984795,-73.83871451526267"
      },
      {
        "store_page_url": "https://locations.tacobell.com/ny/yonkers/720-mclean-ave.html",
        "store_number": "038980",
        "store_location": "https://www.google.com/maps/dir/?api=1&destination=40.9088609,-73.8747205"
      },
      {
        "store_page_url": "https://locations.tacobell.com/ny/yonkers/1217-nepperhan-avenue.html",
        "store_number": "037380",
        "store_location": "https://www.google.com/maps/dir/?api=1&destination=40.9656474813647,-73.87303188222636"
      }
    ]
  },
  {
    "county_name": "Yorktown Heights (1)",
    "county_url": "https://locations.tacobell.com/ny/yorktown-heights",
    "stores": [
      {
        "store_page_url": "https://locations.tacobell.com/ny/yorktown-heights/359-downing-drive.html",
        "store_number": "021096",
        "store_location": "https://www.google.com/maps/dir/?api=1&destination=41.27340482536628,-73.78310760211245"
      }
    ]
  },
  {
    "county_name": "Yorkville (1)",
    "county_url": "https://locations.tacobell.com/ny/yorkville",
    "stores": [
      {
        "store_page_url": "https://locations.tacobell.com/ny/yorkville/400-oriskany-blvd.html",
        "store_number": "004549",
        "store_location": "https://www.google.com/maps/dir/?api=1&destination=43.11423110867556,-75.2763395011425"
      }
    ]
  }
]