[
  {
    "county_name": "Antigo (1)",
    "county_url": "https://locations.tacobell.com/wi/antigo",
    "stores": [
      {
        "store_page_url": "https://locations.tacobell.com/wi/antigo/1700-neva-road.html",
        "store_number": "K092003",
        "store_location": "https://www.google.com/maps/dir/?api=1&destination=45.15553303221919,-89.14767220621798"
      }
    ]
  },
  {
    "county_name": "Appleton (3)",
    "county_url": "https://locations.tacobell.com/wi/appleton",
    "stores": [
      {
        "store_page_url": "https://locations.tacobell.com/wi/appleton/3221-east-express-court.html",
        "store_number": "031500",
        "store_location": "https://www.google.com/maps/dir/?api=1&destination=44.258858016080104,-88.35945729912964"
      },
      {
        "store_page_url": "https://locations.tacobell.com/wi/appleton/2840-west-college-avenue.html",
        "store_number": "031491",
        "store_location": "https://www.google.com/maps/dir/?api=1&destination=44.262356037439226,-88.45056549293865"
      },
      {
        "store_page_url": "https://locations.tacobell.com/wi/appleton/2810-n-richmond.html",
        "store_number": "031492",
        "store_location": "https://www.google.com/maps/dir/?api=1&destination=44.28763496706581,-88.41538538040368"
      }
    ]
  },
  {
    "county_name": "Ashwaubenon (1)",
    "county_url": "https://locations.tacobell.com/wi/ashwaubenon",
    "stores": [
      {
        "store_page_url": "https://locations.tacobell.com/wi/ashwaubenon/2404-s-oneida-street.html",
        "store_number": "031486",
        "store_location": "https://www.google.com/maps/dir/?api=1&destination=44.4860127,-88.0680522"
      }
    ]
  },
  {
    "county_name": "Beaver Dam (1)",
    "county_url": "https://locations.tacobell.com/wi/beaver-dam",
    "stores": [
      {
        "store_page_url": "https://locations.tacobell.com/wi/beaver-dam/1739-north-spring-street.html",
        "store_number": "041416",
        "store_location": "https://www.google.com/maps/dir/?api=1&destination=43.47947367268601,-88.82061570322762"
      }
    ]
  },
  {
    "county_name": "Bellevue (1)",
    "county_url": "https://locations.tacobell.com/wi/bellevue",
    "stores": [
      {
        "store_page_url": "https://locations.tacobell.com/wi/bellevue/2248-costco-way.html",
        "store_number": "041813",
        "store_location": "https://www.google.com/maps/dir/?api=1&destination=44.46011763939415,-87.9856718581276"
      }
    ]
  },
  {
    "county_name": "Beloit (2)",
    "county_url": "https://locations.tacobell.com/wi/beloit",
    "stores": [
      {
        "store_page_url": "https://locations.tacobell.com/wi/beloit/1841-riverside-dr-.html",
        "store_number": "031955",
        "store_location": "https://www.google.com/maps/dir/?api=1&destination=42.523662797701,-89.03438329696655"
      },
      {
        "store_page_url": "https://locations.tacobell.com/wi/beloit/3001-milwaukee-road.html",
        "store_number": "020215",
        "store_location": "https://www.google.com/maps/dir/?api=1&destination=42.52694104687852,-88.97970950322619"
      }
    ]
  },
  {
    "county_name": "Berlin (1)",
    "county_url": "https://locations.tacobell.com/wi/berlin",
    "stores": [
      {
        "store_page_url": "https://locations.tacobell.com/wi/berlin/275-broadway-st-.html",
        "store_number": "041133",
        "store_location": "https://www.google.com/maps/dir/?api=1&destination=43.968793,-88.977631"
      }
    ]
  },
  {
    "county_name": "Brookfield (1)",
    "county_url": "https://locations.tacobell.com/wi/brookfield",
    "stores": [
      {
        "store_page_url": "https://locations.tacobell.com/wi/brookfield/12405-w--lisbon-rd-.html",
        "store_number": "036031",
        "store_location": "https://www.google.com/maps/dir/?api=1&destination=43.089882121988786,-88.06679531265928"
      }
    ]
  },
  {
    "county_name": "Burlington (1)",
    "county_url": "https://locations.tacobell.com/wi/burlington",
    "stores": [
      {
        "store_page_url": "https://locations.tacobell.com/wi/burlington/2056-milwaukee-ave-.html",
        "store_number": "031993",
        "store_location": "https://www.google.com/maps/dir/?api=1&destination=42.70407752192847,-88.24703425168991"
      }
    ]
  },
  {
    "county_name": "Chippewa Falls (1)",
    "county_url": "https://locations.tacobell.com/wi/chippewa-falls",
    "stores": [
      {
        "store_page_url": "https://locations.tacobell.com/wi/chippewa-falls/1083-chippewa-crossing-blvd.html",
        "store_number": "040822",
        "store_location": "https://www.google.com/maps/dir/?api=1&destination=44.9216,-91.3722"
      }
    ]
  },
  {
    "county_name": "Columbus (1)",
    "county_url": "https://locations.tacobell.com/wi/columbus",
    "stores": [
      {
        "store_page_url": "https://locations.tacobell.com/wi/columbus/109-dix-street.html",
        "store_number": "037378",
        "store_location": "https://www.google.com/maps/dir/?api=1&destination=43.343930688120736,-89.02861159403963"
      }
    ]
  },
  {
    "county_name": "De Forest (1)",
    "county_url": "https://locations.tacobell.com/wi/de-forest",
    "stores": [
      {
        "store_page_url": "https://locations.tacobell.com/wi/de-forest/4866-county-highway-v.html",
        "store_number": "031965",
        "store_location": "https://www.google.com/maps/dir/?api=1&destination=43.250711399101014,-89.37052269281594"
      }
    ]
  },
  {
    "county_name": "De Pere (3)",
    "county_url": "https://locations.tacobell.com/wi/de-pere",
    "stores": [
      {
        "store_page_url": "https://locations.tacobell.com/wi/de-pere/1501-main-avenue.html",
        "store_number": "038962",
        "store_location": "https://www.google.com/maps/dir/?api=1&destination=44.45234098562247,-88.09175104649512"
      },
      {
        "store_page_url": "https://locations.tacobell.com/wi/de-pere/1010-s-broadway.html",
        "store_number": "038960",
        "store_location": "https://www.google.com/maps/dir/?api=1&destination=44.439858559789485,-88.06015938520432"
      },
      {
        "store_page_url": "https://locations.tacobell.com/wi/de-pere/1610-lawrence-drive.html",
        "store_number": "041180",
        "store_location": "https://www.google.com/maps/dir/?api=1&destination=44.43127756481312,-88.1075070077334"
      }
    ]
  },
  {
    "county_name": "Delavan (1)",
    "county_url": "https://locations.tacobell.com/wi/delavan",
    "stores": [
      {
        "store_page_url": "https://locations.tacobell.com/wi/delavan/1462-east-geneva-street.html",
        "store_number": "030413",
        "store_location": "https://www.google.com/maps/dir/?api=1&destination=42.62713199347378,-88.62186498742057"
      }
    ]
  },
  {
    "county_name": "Dodgeville (1)",
    "county_url": "https://locations.tacobell.com/wi/dodgeville",
    "stores": [
      {
        "store_page_url": "https://locations.tacobell.com/wi/dodgeville/1140-n--johns-street.html",
        "store_number": "032119",
        "store_location": "https://www.google.com/maps/dir/?api=1&destination=42.974146554438185,-90.12671896468967"
      }
    ]
  },
  {
    "county_name": "Eagle River (1)",
    "county_url": "https://locations.tacobell.com/wi/eagle-river",
    "stores": [
      {
        "store_page_url": "https://locations.tacobell.com/wi/eagle-river/205-w--pine-street.html",
        "store_number": "040334",
        "store_location": "https://www.google.com/maps/dir/?api=1&destination=45.914309823967585,-89.2542557386751"
      }
    ]
  },
  {
    "county_name": "Eau Claire (3)",
    "county_url": "https://locations.tacobell.com/wi/eau-claire",
    "stores": [
      {
        "store_page_url": "https://locations.tacobell.com/wi/eau-claire/3150-n--clairemont-avenue.html",
        "store_number": "032395",
        "store_location": "https://www.google.com/maps/dir/?api=1&destination=44.829879539445194,-91.54506343609677"
      },
      {
        "store_page_url": "https://locations.tacobell.com/wi/eau-claire/2512-craig-rd.html",
        "store_number": "031495",
        "store_location": "https://www.google.com/maps/dir/?api=1&destination=44.79245233330342,-91.51961801752587"
      },
      {
        "store_page_url": "https://locations.tacobell.com/wi/eau-claire/2056-s-hastings.html",
        "store_number": "031489",
        "store_location": "https://www.google.com/maps/dir/?api=1&destination=44.79763074819718,-91.46549195051193"
      }
    ]
  },
  {
    "county_name": "Elkhorn (1)",
    "county_url": "https://locations.tacobell.com/wi/elkhorn",
    "stores": [
      {
        "store_page_url": "https://locations.tacobell.com/wi/elkhorn/848-n-wisconsin-st.html",
        "store_number": "040523",
        "store_location": "https://www.google.com/maps/dir/?api=1&destination=42.6893,-88.5422"
      }
    ]
  },
  {
    "county_name": "Fitchburg (1)",
    "county_url": "https://locations.tacobell.com/wi/fitchburg",
    "stores": [
      {
        "store_page_url": "https://locations.tacobell.com/wi/fitchburg/6275-mckee-road.html",
        "store_number": "031962",
        "store_location": "https://www.google.com/maps/dir/?api=1&destination=43.0152573,-89.4794498"
      }
    ]
  },
  {
    "county_name": "Fond Du Lac (2)",
    "county_url": "https://locations.tacobell.com/wi/fond-du-lac",
    "stores": [
      {
        "store_page_url": "https://locations.tacobell.com/wi/fond-du-lac/892-east-johnson-street.html",
        "store_number": "016462",
        "store_location": "https://www.google.com/maps/dir/?api=1&destination=43.78321747367723,-88.41234673128267"
      },
      {
        "store_page_url": "https://locations.tacobell.com/wi/fond-du-lac/427-w-johnson-ave.html",
        "store_number": "001037",
        "store_location": "https://www.google.com/maps/dir/?api=1&destination=43.784675391369575,-88.46332758665085"
      }
    ]
  },
  {
    "county_name": "Fort Atkinson (1)",
    "county_url": "https://locations.tacobell.com/wi/fort-atkinson",
    "stores": [
      {
        "store_page_url": "https://locations.tacobell.com/wi/fort-atkinson/1601-madison-avenue.html",
        "store_number": "036275",
        "store_location": "https://www.google.com/maps/dir/?api=1&destination=42.94187268353486,-88.86326370527968"
      }
    ]
  },
  {
    "county_name": "Franklin (1)",
    "county_url": "https://locations.tacobell.com/wi/franklin",
    "stores": [
      {
        "store_page_url": "https://locations.tacobell.com/wi/franklin/7141-south-76th-street.html",
        "store_number": "030410",
        "store_location": "https://www.google.com/maps/dir/?api=1&destination=42.91423737571207,-88.00974418224541"
      }
    ]
  },
  {
    "county_name": "Germantown (1)",
    "county_url": "https://locations.tacobell.com/wi/germantown",
    "stores": [
      {
        "store_page_url": "https://locations.tacobell.com/wi/germantown/n96w17802-county-line-rd.html",
        "store_number": "023269",
        "store_location": "https://www.google.com/maps/dir/?api=1&destination=43.19213844306561,-88.13022057101124"
      }
    ]
  },
  {
    "county_name": "Glendale (1)",
    "county_url": "https://locations.tacobell.com/wi/glendale",
    "stores": [
      {
        "store_page_url": "https://locations.tacobell.com/wi/glendale/5560-port-washington-rd-n.html",
        "store_number": "031493",
        "store_location": "https://www.google.com/maps/dir/?api=1&destination=43.11808014363118,-87.91621186161439"
      }
    ]
  },
  {
    "county_name": "Green Bay (5)",
    "county_url": "https://locations.tacobell.com/wi/green-bay",
    "stores": [
      {
        "store_page_url": "https://locations.tacobell.com/wi/green-bay/2491-babcock-road.html",
        "store_number": "038965",
        "store_location": "https://www.google.com/maps/dir/?api=1&destination=44.49259564914186,-88.09692264986174"
      },
      {
        "store_page_url": "https://locations.tacobell.com/wi/green-bay/2230-university-ave.html",
        "store_number": "031499",
        "store_location": "https://www.google.com/maps/dir/?api=1&destination=44.51246039570292,-87.96655122937409"
      },
      {
        "store_page_url": "https://locations.tacobell.com/wi/green-bay/2220-main-street.html",
        "store_number": "031503",
        "store_location": "https://www.google.com/maps/dir/?api=1&destination=44.485529652041336,-87.97179722600778"
      },
      {
        "store_page_url": "https://locations.tacobell.com/wi/green-bay/1897-velp-avenue.html",
        "store_number": "038959",
        "store_location": "https://www.google.com/maps/dir/?api=1&destination=44.556062946665946,-88.05883631856886"
      },
      {
        "store_page_url": "https://locations.tacobell.com/wi/green-bay/1529-w-mason-st.html",
        "store_number": "031494",
        "store_location": "https://www.google.com/maps/dir/?api=1&destination=44.52266268274087,-88.06216393412797"
      }
    ]
  },
  {
    "county_name": "Greenville (1)",
    "county_url": "https://locations.tacobell.com/wi/greenville",
    "stores": [
      {
        "store_page_url": "https://locations.tacobell.com/wi/greenville/w6291-greenville-dr-.html",
        "store_number": "041373",
        "store_location": "https://www.google.com/maps/dir/?api=1&destination=44.2860951757328,-88.50562470774153"
      }
    ]
  },
  {
    "county_name": "Hales Corners (1)",
    "county_url": "https://locations.tacobell.com/wi/hales-corners",
    "stores": [
      {
        "store_page_url": "https://locations.tacobell.com/wi/hales-corners/5420-south-108th-street.html",
        "store_number": "031506",
        "store_location": "https://www.google.com/maps/dir/?api=1&destination=42.94592101230139,-88.0475312092615"
      }
    ]
  },
  {
    "county_name": "Hartford (1)",
    "county_url": "https://locations.tacobell.com/wi/hartford",
    "stores": [
      {
        "store_page_url": "https://locations.tacobell.com/wi/hartford/1516-e-sumner-st.html",
        "store_number": "023272",
        "store_location": "https://www.google.com/maps/dir/?api=1&destination=43.31802795213104,-88.35198909044266"
      }
    ]
  },
  {
    "county_name": "Holmen (1)",
    "county_url": "https://locations.tacobell.com/wi/holmen",
    "stores": [
      {
        "store_page_url": "https://locations.tacobell.com/wi/holmen/129-hale-drive.html",
        "store_number": "037482",
        "store_location": "https://www.google.com/maps/dir/?api=1&destination=43.951737263267546,-91.25797688961256"
      }
    ]
  },
  {
    "county_name": "Hudson (1)",
    "county_url": "https://locations.tacobell.com/wi/hudson",
    "stores": [
      {
        "store_page_url": "https://locations.tacobell.com/wi/hudson/2323-crestview-dr.html",
        "store_number": "004900",
        "store_location": "https://www.google.com/maps/dir/?api=1&destination=44.9612833367091,-92.7239115983412"
      }
    ]
  },
  {
    "county_name": "Janesville (3)",
    "county_url": "https://locations.tacobell.com/wi/janesville",
    "stores": [
      {
        "store_page_url": "https://locations.tacobell.com/wi/janesville/2626-humes-rd-.html",
        "store_number": "031956",
        "store_location": "https://www.google.com/maps/dir/?api=1&destination=42.71772422426119,-88.9899973584797"
      },
      {
        "store_page_url": "https://locations.tacobell.com/wi/janesville/2525-w-court-st.html",
        "store_number": "031958",
        "store_location": "https://www.google.com/maps/dir/?api=1&destination=42.67888141078665,-89.05132506789414"
      },
      {
        "store_page_url": "https://locations.tacobell.com/wi/janesville/1619-milton-ave.html",
        "store_number": "031961",
        "store_location": "https://www.google.com/maps/dir/?api=1&destination=42.7040015,-89.007468"
      }
    ]
  },
  {
    "county_name": "Johnson Creek (1)",
    "county_url": "https://locations.tacobell.com/wi/johnson-creek",
    "stores": [
      {
        "store_page_url": "https://locations.tacobell.com/wi/johnson-creek/425-wright-rd.html",
        "store_number": "041418",
        "store_location": "https://www.google.com/maps/dir/?api=1&destination=43.082112624514764,-88.7627043697033"
      }
    ]
  },
  {
    "county_name": "Kaukauna (1)",
    "county_url": "https://locations.tacobell.com/wi/kaukauna",
    "stores": []
  },
  {
    "county_name": "Kenosha (6)",
    "county_url": "https://locations.tacobell.com/wi/kenosha",
    "stores": [
      {
        "store_page_url": "https://locations.tacobell.com/wi/kenosha/8040-sheridan-rd.html",
        "store_number": "031996",
        "store_location": "https://www.google.com/maps/dir/?api=1&destination=42.557347984040355,-87.82571822404861"
      },
      {
        "store_page_url": "https://locations.tacobell.com/wi/kenosha/7020-green-bay-road.html",
        "store_number": "031988",
        "store_location": "https://www.google.com/maps/dir/?api=1&destination=42.57156889281751,-87.88695685570929"
      },
      {
        "store_page_url": "https://locations.tacobell.com/wi/kenosha/4002-52nd-street.html",
        "store_number": "031990",
        "store_location": "https://www.google.com/maps/dir/?api=1&destination=42.58877214769094,-87.85778859260972"
      },
      {
        "store_page_url": "https://locations.tacobell.com/wi/kenosha/2707-18th-street.html",
        "store_number": "030411",
        "store_location": "https://www.google.com/maps/dir/?api=1&destination=42.624058269010945,-87.84170441332208"
      },
      {
        "store_page_url": "https://locations.tacobell.com/wi/kenosha/12120-75th-st.html",
        "store_number": "036174",
        "store_location": "https://www.google.com/maps/dir/?api=1&destination=42.56803233806368,-87.95394731286277"
      },
      {
        "store_page_url": "https://locations.tacobell.com/wi/kenosha/3667-market-lanesomers.html",
        "store_number": "038745",
        "store_location": "https://www.google.com/maps/dir/?api=1&destination=42.60456969924047,-87.87926949394138"
      }
    ]
  },
  {
    "county_name": "La Crosse (2)",
    "county_url": "https://locations.tacobell.com/wi/la-crosse",
    "stores": [
      {
        "store_page_url": "https://locations.tacobell.com/wi/la-crosse/4141-mormon-coulee-ct.html",
        "store_number": "031498",
        "store_location": "https://www.google.com/maps/dir/?api=1&destination=43.77257548823698,-91.2179884314537"
      },
      {
        "store_page_url": "https://locations.tacobell.com/wi/la-crosse/315-west-avenue-north.html",
        "store_number": "031502",
        "store_location": "https://www.google.com/maps/dir/?api=1&destination=43.814271870625234,-91.23950779438019"
      }
    ]
  },
  {
    "county_name": "Lake Delton (1)",
    "county_url": "https://locations.tacobell.com/wi/lake-delton",
    "stores": [
      {
        "store_page_url": "https://locations.tacobell.com/wi/lake-delton/1240-great-wolf-road.html",
        "store_number": "032116",
        "store_location": "https://www.google.com/maps/dir/?api=1&destination=43.57433602752725,-89.77932109515677"
      }
    ]
  },
  {
    "county_name": "Lake Geneva (1)",
    "county_url": "https://locations.tacobell.com/wi/lake-geneva",
    "stores": [
      {
        "store_page_url": "https://locations.tacobell.com/wi/lake-geneva/280-edwards-blvd.html",
        "store_number": "030406",
        "store_location": "https://www.google.com/maps/dir/?api=1&destination=42.592566384381065,-88.41460950675355"
      }
    ]
  },
  {
    "county_name": "Little Chute (1)",
    "county_url": "https://locations.tacobell.com/wi/little-chute",
    "stores": [
      {
        "store_page_url": "https://locations.tacobell.com/wi/little-chute/2130-freedom-road.html",
        "store_number": "031751",
        "store_location": "https://www.google.com/maps/dir/?api=1&destination=44.295572651209014,-88.31217437982559"
      }
    ]
  },
  {
    "county_name": "Lomira (1)",
    "county_url": "https://locations.tacobell.com/wi/lomira",
    "stores": [
      {
        "store_page_url": "https://locations.tacobell.com/wi/lomira/663-east-ave.html",
        "store_number": "041420",
        "store_location": "https://www.google.com/maps/dir/?api=1&destination=43.58965977239884,-88.43417013064027"
      }
    ]
  },
  {
    "county_name": "Madison (5)",
    "county_url": "https://locations.tacobell.com/wi/madison",
    "stores": [
      {
        "store_page_url": "https://locations.tacobell.com/wi/madison/698-s--whitney-way.html",
        "store_number": "031964",
        "store_location": "https://www.google.com/maps/dir/?api=1&destination=43.05037164099437,-89.4741508439347"
      },
      {
        "store_page_url": "https://locations.tacobell.com/wi/madison/421-commerce-drive.html",
        "store_number": "031959",
        "store_location": "https://www.google.com/maps/dir/?api=1&destination=43.05996964044298,-89.52436921885237"
      },
      {
        "store_page_url": "https://locations.tacobell.com/wi/madison/4120-e-washington-ave.html",
        "store_number": "032117",
        "store_location": "https://www.google.com/maps/dir/?api=1&destination=43.12544639370475,-89.31289262607606"
      },
      {
        "store_page_url": "https://locations.tacobell.com/wi/madison/3002-e-washington-ave.html",
        "store_number": "031954",
        "store_location": "https://www.google.com/maps/dir/?api=1&destination=43.104290247367906,-89.34276917084166"
      },
      {
        "store_page_url": "https://locations.tacobell.com/wi/madison/534-state-st.html",
        "store_number": "034354",
        "store_location": "https://www.google.com/maps/dir/?api=1&destination=43.075075570577575,-89.39426372023775"
      }
    ]
  },
  {
    "county_name": "Manitowoc (1)",
    "county_url": "https://locations.tacobell.com/wi/manitowoc",
    "stores": [
      {
        "store_page_url": "https://locations.tacobell.com/wi/manitowoc/4133-harbor-town-lane.html",
        "store_number": "031505",
        "store_location": "https://www.google.com/maps/dir/?api=1&destination=44.0760169682306,-87.70081807674615"
      }
    ]
  },
  {
    "county_name": "Marinette (1)",
    "county_url": "https://locations.tacobell.com/wi/marinette",
    "stores": [
      {
        "store_page_url": "https://locations.tacobell.com/wi/marinette/w-1388-old-peshtigo-rd.html",
        "store_number": "033433",
        "store_location": "https://www.google.com/maps/dir/?api=1&destination=45.07953731970755,-87.66457875074593"
      }
    ]
  },
  {
    "county_name": "Marshfield (1)",
    "county_url": "https://locations.tacobell.com/wi/marshfield",
    "stores": [
      {
        "store_page_url": "https://locations.tacobell.com/wi/marshfield/1410-north-central-avenue.html",
        "store_number": "031836",
        "store_location": "https://www.google.com/maps/dir/?api=1&destination=44.68036433112356,-90.16464583581183"
      }
    ]
  },
  {
    "county_name": "Mauston (1)",
    "county_url": "https://locations.tacobell.com/wi/mauston",
    "stores": [
      {
        "store_page_url": "https://locations.tacobell.com/wi/mauston/1005-1/2-state-road-82.html",
        "store_number": "037475",
        "store_location": "https://www.google.com/maps/dir/?api=1&destination=43.79711939179116,-90.05217432975769"
      }
    ]
  },
  {
    "county_name": "Medford (1)",
    "county_url": "https://locations.tacobell.com/wi/medford",
    "stores": [
      {
        "store_page_url": "https://locations.tacobell.com/wi/medford/860-north-8th-street.html",
        "store_number": "K092002",
        "store_location": "https://www.google.com/maps/dir/?api=1&destination=45.15056588709554,-90.33374119152104"
      }
    ]
  },
  {
    "county_name": "Menasha (1)",
    "county_url": "https://locations.tacobell.com/wi/menasha",
    "stores": [
      {
        "store_page_url": "https://locations.tacobell.com/wi/menasha/450-3rd-st.html",
        "store_number": "031496",
        "store_location": "https://www.google.com/maps/dir/?api=1&destination=44.205098789389204,-88.4464386552736"
      }
    ]
  },
  {
    "county_name": "Menomonie (1)",
    "county_url": "https://locations.tacobell.com/wi/menomonie",
    "stores": [
      {
        "store_page_url": "https://locations.tacobell.com/wi/menomonie/1401-n-broadway.html",
        "store_number": "005290",
        "store_location": "https://www.google.com/maps/dir/?api=1&destination=44.89874021097933,-91.93248063325882"
      }
    ]
  },
  {
    "county_name": "Merrill (1)",
    "county_url": "https://locations.tacobell.com/wi/merrill",
    "stores": [
      {
        "store_page_url": "https://locations.tacobell.com/wi/merrill/n1667-county-road-w.html",
        "store_number": "K092001",
        "store_location": "https://www.google.com/maps/dir/?api=1&destination=45.17629254618295,-89.64228712268448"
      }
    ]
  },
  {
    "county_name": "Middleton (1)",
    "county_url": "https://locations.tacobell.com/wi/middleton",
    "stores": [
      {
        "store_page_url": "https://locations.tacobell.com/wi/middleton/2169-deming-way.html",
        "store_number": "031963",
        "store_location": "https://www.google.com/maps/dir/?api=1&destination=43.0974462902949,-89.52205786011893"
      }
    ]
  },
  {
    "county_name": "Milwaukee (13)",
    "county_url": "https://locations.tacobell.com/wi/milwaukee",
    "stores": [
      {
        "store_page_url": "https://locations.tacobell.com/wi/milwaukee/8030-w-brown-deer-road.html",
        "store_number": "030420",
        "store_location": "https://www.google.com/maps/dir/?api=1&destination=43.17945226105067,-88.01035075332038"
      },
      {
        "store_page_url": "https://locations.tacobell.com/wi/milwaukee/6268-s--27th-street.html",
        "store_number": "031507",
        "store_location": "https://www.google.com/maps/dir/?api=1&destination=42.93125926830197,-87.94868247338859"
      },
      {
        "store_page_url": "https://locations.tacobell.com/wi/milwaukee/5751-west-fon-du-lac.html",
        "store_number": "031501",
        "store_location": "https://www.google.com/maps/dir/?api=1&destination=43.09676821903753,-87.98567175865173"
      },
      {
        "store_page_url": "https://locations.tacobell.com/wi/milwaukee/5630-w-north-ave.html",
        "store_number": "031487",
        "store_location": "https://www.google.com/maps/dir/?api=1&destination=43.0609192555013,-87.9838168454713"
      },
      {
        "store_page_url": "https://locations.tacobell.com/wi/milwaukee/5441-n-lovers-lane-rd.html",
        "store_number": "023265",
        "store_location": "https://www.google.com/maps/dir/?api=1&destination=43.116411246998815,-88.05627814960644"
      },
      {
        "store_page_url": "https://locations.tacobell.com/wi/milwaukee/4143-north-76th-street.html",
        "store_number": "031497",
        "store_location": "https://www.google.com/maps/dir/?api=1&destination=43.092868571821576,-88.00764165353945"
      },
      {
        "store_page_url": "https://locations.tacobell.com/wi/milwaukee/3334-s--27th-st-.html",
        "store_number": "031994",
        "store_location": "https://www.google.com/maps/dir/?api=1&destination=42.98450633382957,-87.94788841904847"
      },
      {
        "store_page_url": "https://locations.tacobell.com/wi/milwaukee/3191-s--76th-street.html",
        "store_number": "031485",
        "store_location": "https://www.google.com/maps/dir/?api=1&destination=42.986130962699995,-88.00816972555367"
      },
      {
        "store_page_url": "https://locations.tacobell.com/wi/milwaukee/230-w-layton-ave-.html",
        "store_number": "031984",
        "store_location": "https://www.google.com/maps/dir/?api=1&destination=42.95958160636257,-87.91441932326052"
      },
      {
        "store_page_url": "https://locations.tacobell.com/wi/milwaukee/2210-w-wisconsin-ave.html",
        "store_number": "031490",
        "store_location": "https://www.google.com/maps/dir/?api=1&destination=43.03891062846543,-87.94078983870449"
      },
      {
        "store_page_url": "https://locations.tacobell.com/wi/milwaukee/150-w-holt-ave.html",
        "store_number": "031027",
        "store_location": "https://www.google.com/maps/dir/?api=1&destination=42.983842408118605,-87.91389644892661"
      },
      {
        "store_page_url": "https://locations.tacobell.com/wi/milwaukee/230-east-capitol-drive.html",
        "store_number": "037200",
        "store_location": "https://www.google.com/maps/dir/?api=1&destination=43.08967349617678,-87.9088107783688"
      },
      {
        "store_page_url": "https://locations.tacobell.com/wi/milwaukee/2200-e--kenwood-blvd-.html",
        "store_number": "018530",
        "store_location": "https://www.google.com/maps/dir/?api=1&destination=43.075221682814174,-87.88148347450921"
      }
    ]
  },
  {
    "county_name": "Minocqua (1)",
    "county_url": "https://locations.tacobell.com/wi/minocqua",
    "stores": [
      {
        "store_page_url": "https://locations.tacobell.com/wi/minocqua/8660-highway-51.html",
        "store_number": "040421",
        "store_location": "https://www.google.com/maps/dir/?api=1&destination=45.88523735073805,-89.70378004113583"
      }
    ]
  },
  {
    "county_name": "Monona (1)",
    "county_url": "https://locations.tacobell.com/wi/monona",
    "stores": [
      {
        "store_page_url": "https://locations.tacobell.com/wi/monona/100-e-broadway.html",
        "store_number": "031960",
        "store_location": "https://www.google.com/maps/dir/?api=1&destination=43.04753779301816,-89.32267232799859"
      }
    ]
  },
  {
    "county_name": "Monroe (1)",
    "county_url": "https://locations.tacobell.com/wi/monroe",
    "stores": [
      {
        "store_page_url": "https://locations.tacobell.com/wi/monroe/606-w--8th-street.html",
        "store_number": "032094",
        "store_location": "https://www.google.com/maps/dir/?api=1&destination=42.603139974262284,-89.66457934403822"
      }
    ]
  },
  {
    "county_name": "Mukwonago (1)",
    "county_url": "https://locations.tacobell.com/wi/mukwonago",
    "stores": [
      {
        "store_page_url": "https://locations.tacobell.com/wi/mukwonago/920-greenwald-court.html",
        "store_number": "031989",
        "store_location": "https://www.google.com/maps/dir/?api=1&destination=42.85274601272283,-88.32411825656885"
      }
    ]
  },
  {
    "county_name": "Muskego (1)",
    "county_url": "https://locations.tacobell.com/wi/muskego",
    "stores": [
      {
        "store_page_url": "https://locations.tacobell.com/wi/muskego/s69w15615-janesville-rd.html",
        "store_number": "030866",
        "store_location": "https://www.google.com/maps/dir/?api=1&destination=42.91819886118449,-88.10933836376942"
      }
    ]
  },
  {
    "county_name": "Neenah (1)",
    "county_url": "https://locations.tacobell.com/wi/neenah",
    "stores": [
      {
        "store_page_url": "https://locations.tacobell.com/wi/neenah/1171-westowne-dr.html",
        "store_number": "031504",
        "store_location": "https://www.google.com/maps/dir/?api=1&destination=44.17426321763048,-88.49348632385954"
      }
    ]
  },
  {
    "county_name": "New Berlin (1)",
    "county_url": "https://locations.tacobell.com/wi/new-berlin",
    "stores": [
      {
        "store_page_url": "https://locations.tacobell.com/wi/new-berlin/3530-s-moorland-road.html",
        "store_number": "030400",
        "store_location": "https://www.google.com/maps/dir/?api=1&destination=42.97991985364562,-88.10759743561037"
      }
    ]
  },
  {
    "county_name": "New London (1)",
    "county_url": "https://locations.tacobell.com/wi/new-london",
    "stores": [
      {
        "store_page_url": "https://locations.tacobell.com/wi/new-london/1280-shawano-avenue.html",
        "store_number": "036272",
        "store_location": "https://www.google.com/maps/dir/?api=1&destination=44.40613613351602,-88.74084770679474"
      }
    ]
  },
  {
    "county_name": "New Richmond (1)",
    "county_url": "https://locations.tacobell.com/wi/new-richmond",
    "stores": [
      {
        "store_page_url": "https://locations.tacobell.com/wi/new-richmond/1705-dorset-lane.html",
        "store_number": "032290",
        "store_location": "https://www.google.com/maps/dir/?api=1&destination=45.10052394629916,-92.5370042771101"
      }
    ]
  },
  {
    "county_name": "Oak Creek (1)",
    "county_url": "https://locations.tacobell.com/wi/oak-creek",
    "stores": [
      {
        "store_page_url": "https://locations.tacobell.com/wi/oak-creek/8261-s--howell-ave-.html",
        "store_number": "031992",
        "store_location": "https://www.google.com/maps/dir/?api=1&destination=42.89428856394475,-87.91265396168455"
      }
    ]
  },
  {
    "county_name": "Oconomowoc (2)",
    "county_url": "https://locations.tacobell.com/wi/oconomowoc",
    "stores": [
      {
        "store_page_url": "https://locations.tacobell.com/wi/oconomowoc/616-east-wisconsin-ave.html",
        "store_number": "023271",
        "store_location": "https://www.google.com/maps/dir/?api=1&destination=43.10850664966041,-88.49130302667618"
      },
      {
        "store_page_url": "https://locations.tacobell.com/wi/oconomowoc/1750-summit-ave.html",
        "store_number": "034238",
        "store_location": "https://www.google.com/maps/dir/?api=1&destination=43.07508679114927,-88.47162165250771"
      }
    ]
  },
  {
    "county_name": "Onalaska (1)",
    "county_url": "https://locations.tacobell.com/wi/onalaska",
    "stores": [
      {
        "store_page_url": "https://locations.tacobell.com/wi/onalaska/1243-crossing-meadows-rd.html",
        "store_number": "037472",
        "store_location": "https://www.google.com/maps/dir/?api=1&destination=43.87013955283418,-91.21037095785141"
      }
    ]
  },
  {
    "county_name": "Oshkosh (2)",
    "county_url": "https://locations.tacobell.com/wi/oshkosh",
    "stores": [
      {
        "store_page_url": "https://locations.tacobell.com/wi/oshkosh/1800-w-jackson-st-.html",
        "store_number": "005309",
        "store_location": "https://www.google.com/maps/dir/?api=1&destination=44.039739665353025,-88.54228451123232"
      },
      {
        "store_page_url": "https://locations.tacobell.com/wi/oshkosh/1140-koeller.html",
        "store_number": "003159",
        "store_location": "https://www.google.com/maps/dir/?api=1&destination=44.00878357759126,-88.58106107266394"
      }
    ]
  },
  {
    "county_name": "Paddock Lake (1)",
    "county_url": "https://locations.tacobell.com/wi/paddock-lake",
    "stores": [
      {
        "store_page_url": "https://locations.tacobell.com/wi/paddock-lake/25020-75th-street.html",
        "store_number": "036428",
        "store_location": "https://www.google.com/maps/dir/?api=1&destination=42.568588712909616,-88.11290802399463"
      }
    ]
  },
  {
    "county_name": "Pewaukee (1)",
    "county_url": "https://locations.tacobell.com/wi/pewaukee",
    "stores": [
      {
        "store_page_url": "https://locations.tacobell.com/wi/pewaukee/1355-capital-drive.html",
        "store_number": "031995",
        "store_location": "https://www.google.com/maps/dir/?api=1&destination=43.08390207644799,-88.23142729237588"
      }
    ]
  },
  {
    "county_name": "Platteville (1)",
    "county_url": "https://locations.tacobell.com/wi/platteville",
    "stores": [
      {
        "store_page_url": "https://locations.tacobell.com/wi/platteville/95-e--business-highway-151.html",
        "store_number": "C029059",
        "store_location": "https://www.google.com/maps/dir/?api=1&destination=42.72634266220706,-90.47786549325436"
      }
    ]
  },
  {
    "county_name": "Plover (1)",
    "county_url": "https://locations.tacobell.com/wi/plover",
    "stores": [
      {
        "store_page_url": "https://locations.tacobell.com/wi/plover/1550-plover-road.html",
        "store_number": "036274",
        "store_location": "https://www.google.com/maps/dir/?api=1&destination=44.45437290440515,-89.52214837074285"
      }
    ]
  },
  {
    "county_name": "Plymouth (1)",
    "county_url": "https://locations.tacobell.com/wi/plymouth",
    "stores": [
      {
        "store_page_url": "https://locations.tacobell.com/wi/plymouth/3062-kiley-way.html",
        "store_number": "028453",
        "store_location": "https://www.google.com/maps/dir/?api=1&destination=43.7533488823171,-87.94248376788346"
      }
    ]
  },
  {
    "county_name": "Portage (1)",
    "county_url": "https://locations.tacobell.com/wi/portage",
    "stores": [
      {
        "store_page_url": "https://locations.tacobell.com/wi/portage/2940-new-pinery-rd.html",
        "store_number": "032092",
        "store_location": "https://www.google.com/maps/dir/?api=1&destination=43.57078815044906,-89.470567571009"
      }
    ]
  },
  {
    "county_name": "Prairie Du Chien (1)",
    "county_url": "https://locations.tacobell.com/wi/prairie-du-chien",
    "stores": []
  },
  {
    "county_name": "Racine (3)",
    "county_url": "https://locations.tacobell.com/wi/racine",
    "stores": [
      {
        "store_page_url": "https://locations.tacobell.com/wi/racine/5620-washington-ave.html",
        "store_number": "030399",
        "store_location": "https://www.google.com/maps/dir/?api=1&destination=42.71940972621057,-87.84807269276826"
      },
      {
        "store_page_url": "https://locations.tacobell.com/wi/racine/3358-douglas-avenue.html",
        "store_number": "031987",
        "store_location": "https://www.google.com/maps/dir/?api=1&destination=42.76071505271547,-87.80199502410142"
      },
      {
        "store_page_url": "https://locations.tacobell.com/wi/racine/2825-s-green-bay-rd.html",
        "store_number": "031985",
        "store_location": "https://www.google.com/maps/dir/?api=1&destination=42.69832805303763,-87.8533549011081"
      }
    ]
  },
  {
    "county_name": "Rhinelander (1)",
    "county_url": "https://locations.tacobell.com/wi/rhinelander",
    "stores": [
      {
        "store_page_url": "https://locations.tacobell.com/wi/rhinelander/200-s-eisenhower-pkwy.html",
        "store_number": "031837",
        "store_location": "https://www.google.com/maps/dir/?api=1&destination=45.636208705850656,-89.38033905121328"
      }
    ]
  },
  {
    "county_name": "Rice Lake (1)",
    "county_url": "https://locations.tacobell.com/wi/rice-lake",
    "stores": [
      {
        "store_page_url": "https://locations.tacobell.com/wi/rice-lake/11-e--burton-street.html",
        "store_number": "037062",
        "store_location": "https://www.google.com/maps/dir/?api=1&destination=45.47765908183094,-91.73469021466224"
      }
    ]
  },
  {
    "county_name": "Richland Center (1)",
    "county_url": "https://locations.tacobell.com/wi/richland-center",
    "stores": [
      {
        "store_page_url": "https://locations.tacobell.com/wi/richland-center/1950-us-highway-14-east.html",
        "store_number": "042082",
        "store_location": "https://www.google.com/maps/dir/?api=1&destination=43.31851962313178,-90.3610430565459"
      }
    ]
  },
  {
    "county_name": "Ripon (1)",
    "county_url": "https://locations.tacobell.com/wi/ripon",
    "stores": [
      {
        "store_page_url": "https://locations.tacobell.com/wi/ripon/1180-west-fond-du-lac.html",
        "store_number": "G135779",
        "store_location": "https://www.google.com/maps/dir/?api=1&destination=43.85521805919347,-88.86215575044844"
      }
    ]
  },
  {
    "county_name": "Saint Croix Falls (1)",
    "county_url": "https://locations.tacobell.com/wi/saint-croix-falls",
    "stores": []
  },
  {
    "county_name": "Saukville (1)",
    "county_url": "https://locations.tacobell.com/wi/saukville",
    "stores": [
      {
        "store_page_url": "https://locations.tacobell.com/wi/saukville/250-s--foster-dr-.html",
        "store_number": "030419",
        "store_location": "https://www.google.com/maps/dir/?api=1&destination=43.38085215316529,-87.93000210823266"
      }
    ]
  },
  {
    "county_name": "Schofield (1)",
    "county_url": "https://locations.tacobell.com/wi/schofield",
    "stores": [
      {
        "store_page_url": "https://locations.tacobell.com/wi/schofield/704-grand-avenue.html",
        "store_number": "031834",
        "store_location": "https://www.google.com/maps/dir/?api=1&destination=44.92264809886438,-89.61357146501541"
      }
    ]
  },
  {
    "county_name": "Shawano (1)",
    "county_url": "https://locations.tacobell.com/wi/shawano",
    "stores": [
      {
        "store_page_url": "https://locations.tacobell.com/wi/shawano/1266-east-green-bay-street.html",
        "store_number": "038964",
        "store_location": "https://www.google.com/maps/dir/?api=1&destination=44.78135464514193,-88.57846520846579"
      }
    ]
  },
  {
    "county_name": "Sheboygan (2)",
    "county_url": "https://locations.tacobell.com/wi/sheboygan",
    "stores": [
      {
        "store_page_url": "https://locations.tacobell.com/wi/sheboygan/3205-erie-ave.html",
        "store_number": "023270",
        "store_location": "https://www.google.com/maps/dir/?api=1&destination=43.75189095396374,-87.75026996435372"
      },
      {
        "store_page_url": "https://locations.tacobell.com/wi/sheboygan/3026-s--business-drive.html",
        "store_number": "024298",
        "store_location": "https://www.google.com/maps/dir/?api=1&destination=43.72236651468486,-87.73689606789048"
      }
    ]
  },
  {
    "county_name": "South Milwaukee (1)",
    "county_url": "https://locations.tacobell.com/wi/south-milwaukee",
    "stores": [
      {
        "store_page_url": "https://locations.tacobell.com/wi/south-milwaukee/112-n-chicago-ave.html",
        "store_number": "030418",
        "store_location": "https://www.google.com/maps/dir/?api=1&destination=42.92929643224033,-87.86116455496995"
      }
    ]
  },
  {
    "county_name": "Sparta (1)",
    "county_url": "https://locations.tacobell.com/wi/sparta",
    "stores": [
      {
        "store_page_url": "https://locations.tacobell.com/wi/sparta/802-west-wisconsin.html",
        "store_number": "037474",
        "store_location": "https://www.google.com/maps/dir/?api=1&destination=43.93953057597177,-90.82109835851831"
      }
    ]
  },
  {
    "county_name": "Stevens Point (2)",
    "county_url": "https://locations.tacobell.com/wi/stevens-point",
    "stores": [
      {
        "store_page_url": "https://locations.tacobell.com/wi/stevens-point/5400-highway-10-east.html",
        "store_number": "036271",
        "store_location": "https://www.google.com/maps/dir/?api=1&destination=44.5238979878799,-89.51947880003402"
      },
      {
        "store_page_url": "https://locations.tacobell.com/wi/stevens-point/433-division-st.html",
        "store_number": "036270",
        "store_location": "https://www.google.com/maps/dir/?api=1&destination=44.53072048795075,-89.57436023047194"
      }
    ]
  },
  {
    "county_name": "Sturgeon Bay (1)",
    "county_url": "https://locations.tacobell.com/wi/sturgeon-bay",
    "stores": [
      {
        "store_page_url": "https://locations.tacobell.com/wi/sturgeon-bay/1331-green-bay-road.html",
        "store_number": "038963",
        "store_location": "https://www.google.com/maps/dir/?api=1&destination=44.820258392723204,-87.40923956036568"
      }
    ]
  },
  {
    "county_name": "Sturtevant (1)",
    "county_url": "https://locations.tacobell.com/wi/sturtevant",
    "stores": [
      {
        "store_page_url": "https://locations.tacobell.com/wi/sturtevant/717-s--sylvania-ave.html",
        "store_number": "037744",
        "store_location": "https://www.google.com/maps/dir/?api=1&destination=42.725420922600286,-87.95546423222733"
      }
    ]
  },
  {
    "county_name": "Suamico (1)",
    "county_url": "https://locations.tacobell.com/wi/suamico",
    "stores": [
      {
        "store_page_url": "https://locations.tacobell.com/wi/suamico/2326-lineville-rd.html",
        "store_number": "040607",
        "store_location": "https://www.google.com/maps/dir/?api=1&destination=44.5916,-88.0749"
      }
    ]
  },
  {
    "county_name": "Sun Prairie (1)",
    "county_url": "https://locations.tacobell.com/wi/sun-prairie",
    "stores": [
      {
        "store_page_url": "https://locations.tacobell.com/wi/sun-prairie/2005-mccoy-rd.html",
        "store_number": "031957",
        "store_location": "https://www.google.com/maps/dir/?api=1&destination=43.17541745317234,-89.24721680584298"
      }
    ]
  },
  {
    "county_name": "Superior (1)",
    "county_url": "https://locations.tacobell.com/wi/superior",
    "stores": [
      {
        "store_page_url": "https://locations.tacobell.com/wi/superior/3541-tower-ave.html",
        "store_number": "040160",
        "store_location": "https://www.google.com/maps/dir/?api=1&destination=46.696715633992035,-92.10490124792814"
      }
    ]
  },
  {
    "county_name": "Sussex (1)",
    "county_url": "https://locations.tacobell.com/wi/sussex",
    "stores": [
      {
        "store_page_url": "https://locations.tacobell.com/wi/sussex/w--249-n--6498-hwy-164.html",
        "store_number": "032041",
        "store_location": "https://www.google.com/maps/dir/?api=1&destination=43.13559886589908,-88.24315041303635"
      }
    ]
  },
  {
    "county_name": "Tomah (1)",
    "county_url": "https://locations.tacobell.com/wi/tomah",
    "stores": [
      {
        "store_page_url": "https://locations.tacobell.com/wi/tomah/205-wittig-road.html",
        "store_number": "037476",
        "store_location": "https://www.google.com/maps/dir/?api=1&destination=44.01736238142925,-90.5027894632616"
      }
    ]
  },
  {
    "county_name": "Verona (1)",
    "county_url": "https://locations.tacobell.com/wi/verona",
    "stores": [
      {
        "store_page_url": "https://locations.tacobell.com/wi/verona/671-hometown-circle.html",
        "store_number": "031966",
        "store_location": "https://www.google.com/maps/dir/?api=1&destination=42.99420710252962,-89.51953856041655"
      }
    ]
  },
  {
    "county_name": "Watertown (1)",
    "county_url": "https://locations.tacobell.com/wi/watertown",
    "stores": [
      {
        "store_page_url": "https://locations.tacobell.com/wi/watertown/1729-s-church-st.html",
        "store_number": "041417",
        "store_location": "https://www.google.com/maps/dir/?api=1&destination=43.170759761411595,-88.73181427792649"
      }
    ]
  },
  {
    "county_name": "Waukesha (3)",
    "county_url": "https://locations.tacobell.com/wi/waukesha",
    "stores": [
      {
        "store_page_url": "https://locations.tacobell.com/wi/waukesha/405-w-sunset-dr.html",
        "store_number": "031986",
        "store_location": "https://www.google.com/maps/dir/?api=1&destination=42.9879074098954,-88.23519766330719"
      },
      {
        "store_page_url": "https://locations.tacobell.com/wi/waukesha/21195-highway-18.html",
        "store_number": "031982",
        "store_location": "https://www.google.com/maps/dir/?api=1&destination=43.03191287916118,-88.17636324114046"
      },
      {
        "store_page_url": "https://locations.tacobell.com/wi/waukesha/2707-n--grandview.html",
        "store_number": "036432",
        "store_location": "https://www.google.com/maps/dir/?api=1&destination=43.04086419845842,-88.2553985088303"
      }
    ]
  },
  {
    "county_name": "Waupaca (1)",
    "county_url": "https://locations.tacobell.com/wi/waupaca",
    "stores": [
      {
        "store_page_url": "https://locations.tacobell.com/wi/waupaca/1092-w--fulton-street.html",
        "store_number": "036273",
        "store_location": "https://www.google.com/maps/dir/?api=1&destination=44.35743375213316,-89.11309806397185"
      }
    ]
  },
  {
    "county_name": "Waupun (1)",
    "county_url": "https://locations.tacobell.com/wi/waupun",
    "stores": [
      {
        "store_page_url": "https://locations.tacobell.com/wi/waupun/114-shaler.html",
        "store_number": "041415",
        "store_location": "https://www.google.com/maps/dir/?api=1&destination=43.631680472118724,-88.71702888611253"
      }
    ]
  },
  {
    "county_name": "Wausau (2)",
    "county_url": "https://locations.tacobell.com/wi/wausau",
    "stores": [
      {
        "store_page_url": "https://locations.tacobell.com/wi/wausau/1730-us-highway-51-n.html",
        "store_number": "031835",
        "store_location": "https://www.google.com/maps/dir/?api=1&destination=44.98645913305728,-89.65331085031721"
      },
      {
        "store_page_url": "https://locations.tacobell.com/wi/wausau/225521-lilac-ave-.html",
        "store_number": "040356",
        "store_location": "https://www.google.com/maps/dir/?api=1&destination=44.91447093141182,-89.64547177516906"
      }
    ]
  },
  {
    "county_name": "Wauwatosa (1)",
    "county_url": "https://locations.tacobell.com/wi/wauwatosa",
    "stores": [
      {
        "store_page_url": "https://locations.tacobell.com/wi/wauwatosa/510-n-mayfair-rd.html",
        "store_number": "031488",
        "store_location": "https://www.google.com/maps/dir/?api=1&destination=43.03672898655349,-88.04666732277433"
      }
    ]
  },
  {
    "county_name": "West Allis (2)",
    "county_url": "https://locations.tacobell.com/wi/west-allis",
    "stores": [
      {
        "store_page_url": "https://locations.tacobell.com/wi/west-allis/1361-s--60th-st-.html",
        "store_number": "031983",
        "store_location": "https://www.google.com/maps/dir/?api=1&destination=43.01708259092493,-87.98778658619653"
      },
      {
        "store_page_url": "https://locations.tacobell.com/wi/west-allis/11011-w-national-avenue.html",
        "store_number": "031991",
        "store_location": "https://www.google.com/maps/dir/?api=1&destination=42.99214899861925,-88.04881505613115"
      }
    ]
  },
  {
    "county_name": "West Baraboo (1)",
    "county_url": "https://locations.tacobell.com/wi/west-baraboo",
    "stores": [
      {
        "store_page_url": "https://locations.tacobell.com/wi/west-baraboo/619-w-pine-st.html",
        "store_number": "032093",
        "store_location": "https://www.google.com/maps/dir/?api=1&destination=43.47615914039065,-89.76932062651025"
      }
    ]
  },
  {
    "county_name": "West Bend (2)",
    "county_url": "https://locations.tacobell.com/wi/west-bend",
    "stores": [
      {
        "store_page_url": "https://locations.tacobell.com/wi/west-bend/1307-s-main-street.html",
        "store_number": "023267",
        "store_location": "https://www.google.com/maps/dir/?api=1&destination=43.40382371528808,-88.18066030740738"
      },
      {
        "store_page_url": "https://locations.tacobell.com/wi/west-bend/2356-w-washington.html",
        "store_number": "037160",
        "store_location": "https://www.google.com/maps/dir/?api=1&destination=43.42768923916946,-88.21250534472478"
      }
    ]
  },
  {
    "county_name": "West Milwaukee (1)",
    "county_url": "https://locations.tacobell.com/wi/west-milwaukee",
    "stores": [
      {
        "store_page_url": "https://locations.tacobell.com/wi/west-milwaukee/2201-miller-park-way.html",
        "store_number": "038991",
        "store_location": "https://www.google.com/maps/dir/?api=1&destination=43.004938669847924,-87.96823397621432"
      }
    ]
  },
  {
    "county_name": "Whitewater (1)",
    "county_url": "https://locations.tacobell.com/wi/whitewater",
    "stores": [
      {
        "store_page_url": "https://locations.tacobell.com/wi/whitewater/1535-w--main-street.html",
        "store_number": "041419",
        "store_location": "https://www.google.com/maps/dir/?api=1&destination=42.83628014989418,-88.7659390109699"
      }
    ]
  },
  {
    "county_name": "Wisconsin Dells (1)",
    "county_url": "https://locations.tacobell.com/wi/wisconsin-dells",
    "stores": [
      {
        "store_page_url": "https://locations.tacobell.com/wi/wisconsin-dells/321-highway-13.html",
        "store_number": "032095",
        "store_location": "https://www.google.com/maps/dir/?api=1&destination=43.62576705845179,-89.78755763558195"
      }
    ]
  },
  {
    "county_name": "Wisconsin Rapids (1)",
    "county_url": "https://locations.tacobell.com/wi/wisconsin-rapids",
    "stores": [
      {
        "store_page_url": "https://locations.tacobell.com/wi/wisconsin-rapids/1750-8th-street-south.html",
        "store_number": "K071162",
        "store_location": "https://www.google.com/maps/dir/?api=1&destination=44.378778309024284,-89.81782546761234"
      }
    ]
  }
]